Query sequence,Most common phylum-level assignment,Phylum-level assignment,Most common order-level assignment,Order-level assignment,Taxon assignment,otu,otu_references
EUSF00532,Ascomycota,Ascomycota,Helotiales,Helotiales,59_Botrytis_cinerea,OTU701,
EUSF00533,Ascomycota,Ascomycota,Helotiales,Helotiales,49_Lachnum_virgineum,OTU916,"OTU918,OTU883,OTU917,OTU882,OTU881,OTU877,OTU897,OTU915,OTU878,OTU873,OTU886,OTU884,OTU889,OTU914,OTU901,OTU900,OTU899,OTU906,OTU907,OTU880,OTU890,OTU879,OTU885,OTU903,OTU902,OTU912,OTU921,OTU913,OTU904,OTU920,OTU919,OTU876,OTU910,OTU909,OTU905,OTU887,OTU894,OTU895,OTU896,OTU893,OTU911,OTU908,OTU891,OTU957,OTU940,OTU949,OTU956,OTU946,OTU953,OTU952,OTU951,OTU954,OTU944,OTU950,OTU945,OTU948,OTU955,OTU942,OTU978,OTU977,OTU979,OTU982,OTU981,OTU993,OTU990,OTU992,OTU989,OTU991,OTU973,OTU970,OTU969,OTU972,49_Lachnum_virgineum,59_Botrytis_cinerea,166_Cudoniella_clavus,279_Monilinia_fructicola,OTU962,OTU961,OTU967,OTU968,274_Dothidea_sambuci,921_Dothidea_insculpta,OTU862,OTU820,OTU875,OTU937,OTU997,OTU998,OTU988,OTU975,OTU931,OTU819,OTU825,OTU865,OTU867,OTU929,OTU985,OTU983,687_Hypocenomyce_scalaris,1007_Acarospora_laqueata,1004_Pleopsidium_chlorophanum,76_Mollisia_cinerea,952_Gnomonia_gnomon,941_Dermea_acerina,398_Stictis_radiata,3_Cladonia_caroliniana"
EUSF00530,Ascomycota,Ascomycota,Helotiales,Helotiales,49_Lachnum_virgineum,OTU918,
EUSF01194,Ascomycota,Ascomycota,Eurotiales,Eurotiales,1079_Aspergillus_fumigatus,OTU582,
EUSF00536,Ascomycota,Ascomycota,Pezizales,Pezizales,62_Scutellinia_scutellata,OTU203,
EUSF00535,Ascomycota,Ascomycota,Helotiales,Helotiales,49_Lachnum_virgineum,OTU957,
EUSF00709,Ascomycota,Ascomycota,Acarosporales,Acarosporales,1007_Acarospora_laqueata,OTU405,
EUSF01940,Ascomycota,Ascomycota,Lecanorales,Lecanorales,84_Physcia_aipolia,OTU687,
EUSF00538,Ascomycota,Ascomycota,Helotiales,Helotiales,59_Botrytis_cinerea,OTU796,
EUSF00539,Ascomycota,Ascomycota,Helotiales,Helotiales,59_Botrytis_cinerea,OTU795,
EUSF01941,Ascomycota,Ascomycota,Lecanorales,Lecanorales,84_Physcia_aipolia,OTU68,
EUSF00872,Ascomycota,Ascomycota,Helotiales,Helotiales,49_Lachnum_virgineum,OTU883,
EUSF00871,Ascomycota,Ascomycota,Helotiales,Helotiales,59_Botrytis_cinerea,OTU737,
EUSF00531,Ascomycota,Ascomycota,Helotiales,Helotiales,49_Lachnum_virgineum,OTU917,
EUSF00877,Ascomycota,Ascomycota,Helotiales,Helotiales,49_Lachnum_virgineum,OTU882,
EUSF01873,Ascomycota,Ascomycota,Eurotiales,Eurotiales,1079_Aspergillus_fumigatus,OTU673,
EUSF00875,Ascomycota,Ascomycota,Diaporthales,Diaporthales,935_Diaporthe_eres,OTU185,
EUSF00874,Ascomycota,Ascomycota,Dothideales,"Dothideales,Capnodiales","274_Dothidea_sambuci,921_Dothidea_insculpta,939_Capnodium_coffeae",OTU9,
EUSF00879,Ascomycota,Ascomycota,Diaporthales,Diaporthales,935_Diaporthe_eres,OTU228,"OTU381,OTU449,OTU501,OTU401,OTU665"
EUSF01943,Ascomycota,Ascomycota,Lecanorales,Lecanorales,84_Physcia_aipolia,OTU85,
EUSF00989,Ascomycota,Ascomycota,Xylariales,Xylariales,"63_Xylaria_acuta,51_Xylaria_hypoxylon",OTU106,
EUSF00823,Ascomycota,Ascomycota,Helotiales,Helotiales,49_Lachnum_virgineum,OTU931,
EUSF01115,Ascomycota,Ascomycota,Sordariomycetes incertae sedis,Sordariomycetes incertae sedis,1081_Magnaporthe_grisea,OTU500,
EUSF01203,Ascomycota,Ascomycota,Helotiales,Helotiales,59_Botrytis_cinerea,OTU727,
EUSF01202,Ascomycota,Ascomycota,Xylariales,Xylariales,"63_Xylaria_acuta,51_Xylaria_hypoxylon",OTU43,
EUSF01201,Ascomycota,Ascomycota,Eurotiales,Eurotiales,1079_Aspergillus_fumigatus,OTU463,
EUSF01200,Ascomycota,Ascomycota,Eurotiales,Eurotiales,1079_Aspergillus_fumigatus,OTU581,
EUSF01207,Ascomycota,Ascomycota,Pezizales,Pezizales,50_Sarcoscypha_coccinea,OTU96,
EUSF01206,Ascomycota,Ascomycota,Pezizales,Pezizales,"71_Peziza_proteana_f_sparassoides,507_Peziza_vesiculosa",OTU54,
EUSF01205,Ascomycota,Ascomycota,Sordariomycetes incertae sedis,Sordariomycetes incertae sedis,1081_Magnaporthe_grisea,OTU497,
EUSF01204,Ascomycota,Ascomycota,Eurotiales,Eurotiales,1079_Aspergillus_fumigatus,OTU580,
EUSF01209,Ascomycota,Ascomycota,Eurotiales,Eurotiales,1079_Aspergillus_fumigatus,OTU615,
EUSF01208,Ascomycota,Ascomycota,Helotiales,Helotiales,59_Botrytis_cinerea,OTU759,
EUSF00626,Ascomycota,Ascomycota,Sordariomycetes incertae sedis,Sordariomycetes incertae sedis,1081_Magnaporthe_grisea,OTU587,
EUSF00627,Ascomycota,Ascomycota,Pezizales,Pezizales,"71_Peziza_proteana_f_sparassoides,507_Peziza_vesiculosa",OTU77,"OTU75,OTU83,OTU82,OTU72,OTU70,OTU76,OTU74,OTU79,OTU86,OTU87"
EUSF00624,Ascomycota,Ascomycota,Eurotiales,Eurotiales,1079_Aspergillus_fumigatus,OTU275,
EUSF00625,Ascomycota,Ascomycota,Xylariales,Xylariales,"63_Xylaria_acuta,51_Xylaria_hypoxylon",OTU169,"OTU142,OTU150,OTU147,OTU164,OTU160,OTU168,OTU161,OTU159,OTU156,OTU153,OTU154,OTU269,OTU267,OTU266,OTU279,OTU360,OTU361,OTU359,OTU151,OTU165,OTU155,OTU163,OTU152,OTU149,OTU416,OTU412,OTU394,OTU393,OTU237,OTU242,OTU258,OTU268,OTU536,OTU996,OTU235,OTU286,OTU400,OTU366,OTU256,OTU247,OTU104,OTU241,OTU964,OTU965,OTU167,OTU233,OTU245,OTU337,OTU243,OTU146,OTU166,OTU257,OTU322,OTU99,OTU221,OTU259,OTU222,OTU103,OTU102,OTU263,OTU240,OTU113,OTU148,OTU362,OTU364,OTU443,OTU971,OTU995,OTU432,OTU365,OTU442,OTU433,OTU201"
EUSF00622,Ascomycota,Ascomycota,Eurotiales,Eurotiales,1079_Aspergillus_fumigatus,OTU170,
EUSF00623,Ascomycota,Ascomycota,Xylariales,Xylariales,51_Xylaria_hypoxylon,OTU383,
EUSF00589,Ascomycota,Ascomycota,Pezizales,Pezizales,"71_Peziza_proteana_f_sparassoides,507_Peziza_vesiculosa",OTU55,
EUSF00588,Ascomycota,Ascomycota,Acarosporales,Acarosporales,1007_Acarospora_laqueata,OTU646,
EUSF00587,Ascomycota,Ascomycota,Acarosporales,Acarosporales,1007_Acarospora_laqueata,OTU564,
EUSF00586,Ascomycota,Ascomycota,Acarosporales,Acarosporales,1007_Acarospora_laqueata,OTU604,
EUSF00585,Ascomycota,Ascomycota,Acarosporales,Acarosporales,1007_Acarospora_laqueata,OTU631,
EUSF00584,Ascomycota,Ascomycota,Pezizales,Pezizales,"71_Peziza_proteana_f_sparassoides,507_Peziza_vesiculosa",OTU86,
EUSF00583,Ascomycota,Ascomycota,Eurotiales,Eurotiales,1079_Aspergillus_fumigatus,OTU605,
EUSF00582,Ascomycota,Ascomycota,Acarosporales,Acarosporales,1007_Acarospora_laqueata,OTU647,
EUSF00628,Ascomycota,Ascomycota,Eurotiales,Eurotiales,1079_Aspergillus_fumigatus,OTU274,"OTU271,OTU254,OTU272,OTU278,OTU483,OTU452,OTU470,OTU469,OTU358,OTU367,OTU355,OTU398,OTU392,OTU512,OTU382,OTU333,OTU248,OTU317,OTU435"
EUSF00580,Ascomycota,Ascomycota,Pezizales,Pezizales,949_Pyronema_domesticum,OTU46,OTU50
EUSF01113,Ascomycota,Ascomycota,Helotiales,Helotiales,59_Botrytis_cinerea,OTU826,
EUSF01130,Ascomycota,Ascomycota,Helotiales,Helotiales,59_Botrytis_cinerea,OTU771,
EUSF01296,Ascomycota,Ascomycota,Acarosporales,Acarosporales,1007_Acarospora_laqueata,OTU679,
EUSF01524,Ascomycota,Ascomycota,Xylariales,Xylariales,51_Xylaria_hypoxylon,OTU253,
EUSF01620,Ascomycota,Ascomycota,Helotiales,Helotiales,59_Botrytis_cinerea,OTU722,
EUSF00870,Ascomycota,Ascomycota,Helotiales,Helotiales,49_Lachnum_virgineum,OTU972,
EUSF01720,Ascomycota,Ascomycota,Acarosporales,Acarosporales,1007_Acarospora_laqueata,OTU387,
EUSF01721,Ascomycota,Ascomycota,Eurotiales,Eurotiales,1079_Aspergillus_fumigatus,OTU386,
EUSF00876,Ascomycota,Ascomycota,Helotiales,Helotiales,49_Lachnum_virgineum,OTU858,"OTU859,OTU860,OTU861,OTU986,OTU980,OTU935,OTU866"
EUSF01108,Ascomycota,Ascomycota,Helotiales,Helotiales,59_Botrytis_cinerea,OTU778,
EUSF01689,Ascomycota,Ascomycota,Helotiales,Helotiales,1_Leotia_lubrica,OTU751,
EUSF01058,Ascomycota,Ascomycota,Xylariales,Xylariales,51_Xylaria_hypoxylon,OTU474,
EUSF01059,Ascomycota,Ascomycota,Xylariales,Xylariales,63_Xylaria_acuta,OTU323,
EUSF01056,Ascomycota,Ascomycota,Xylariales,Xylariales,51_Xylaria_hypoxylon,OTU295,
EUSF01057,Ascomycota,Ascomycota,Xylariales,Xylariales,"63_Xylaria_acuta,51_Xylaria_hypoxylon",OTU259,
EUSF01054,Ascomycota,Ascomycota,Xylariales,Xylariales,"63_Xylaria_acuta,51_Xylaria_hypoxylon",OTU394,
EUSF01055,Ascomycota,Ascomycota,Sordariomycetes incertae sedis,Sordariomycetes incertae sedis,1081_Magnaporthe_grisea,OTU627,
EUSF01052,Ascomycota,Ascomycota,Xylariales,Xylariales,"63_Xylaria_acuta,51_Xylaria_hypoxylon",OTU442,
EUSF01053,Ascomycota,Ascomycota,Sordariomycetes incertae sedis,Sordariomycetes incertae sedis,1081_Magnaporthe_grisea,OTU502,
EUSF01050,Ascomycota,Ascomycota,Xylariales,Xylariales,63_Xylaria_acuta,OTU324,
EUSF01051,Ascomycota,Ascomycota,Xylariales,Xylariales,51_Xylaria_hypoxylon,OTU475,
EUSF01116,Ascomycota,Ascomycota,Helotiales,Helotiales,59_Botrytis_cinerea,OTU775,
EUSF00758,Ascomycota,Ascomycota,Sordariomycetes incertae sedis,Sordariomycetes incertae sedis,1081_Magnaporthe_grisea,OTU617,
EUSF00759,Ascomycota,Ascomycota,Helotiales,Helotiales,49_Lachnum_virgineum,OTU991,
EUSF01298,Ascomycota,Ascomycota,Acarosporales,Acarosporales,1007_Acarospora_laqueata,OTU554,
EUSF01112,Ascomycota,Ascomycota,Xylariales,Xylariales,"63_Xylaria_acuta,51_Xylaria_hypoxylon",OTU357,
EUSF01111,Ascomycota,Ascomycota,Xylariales,Xylariales,63_Xylaria_acuta,OTU320,
EUSF01110,Ascomycota,Ascomycota,Xylariales,Xylariales,63_Xylaria_acuta,OTU321,
EUSF01294,Ascomycota,Ascomycota,Sordariales,Sordariales,1085_Podospora_anserina,OTU288,
EUSF01295,Ascomycota,Ascomycota,Pezizales,Pezizales,65_Aleuria_aurantia,OTU417,OTU414
EUSF00750,Ascomycota,Ascomycota,Xylariales,Xylariales,51_Xylaria_hypoxylon,OTU306,
EUSF00751,Ascomycota,Ascomycota,Dothideales,"Dothideales,Capnodiales","274_Dothidea_sambuci,921_Dothidea_insculpta,939_Capnodium_coffeae",OTU31,
EUSF00756,Ascomycota,Ascomycota,Helotiales,Helotiales,49_Lachnum_virgineum,OTU962,
EUSF00754,Ascomycota,Ascomycota,Helotiales,Helotiales,49_Lachnum_virgineum,OTU981,
EUSF01118,Ascomycota,Ascomycota,Pezizales,Pezizales,"71_Peziza_proteana_f_sparassoides,507_Peziza_vesiculosa",OTU61,
EUSF01593,Ascomycota,Ascomycota,Xylariales,Xylariales,51_Xylaria_hypoxylon,OTU236,
EUSF01094,Ascomycota,Ascomycota,Acarosporales,Acarosporales,1007_Acarospora_laqueata,OTU472,
EUSF00878,Ascomycota,Ascomycota,Helotiales,Helotiales,49_Lachnum_virgineum,OTU881,
EUSF00794,Ascomycota,Ascomycota,Helotiales,Helotiales,59_Botrytis_cinerea,OTU932,
EUSF01079,Ascomycota,Ascomycota,Helotiales,Helotiales,59_Botrytis_cinerea,OTU749,
EUSF01618,Ascomycota,Ascomycota,Sordariomycetes incertae sedis,Sordariomycetes incertae sedis,1081_Magnaporthe_grisea,OTU489,
EUSF01619,Ascomycota,Ascomycota,Sordariomycetes incertae sedis,Sordariomycetes incertae sedis,1081_Magnaporthe_grisea,OTU214,
EUSF00952,Ascomycota,Ascomycota,Acarosporales,Acarosporales,1007_Acarospora_laqueata,OTU396,
EUSF00953,Ascomycota,Ascomycota,Diaporthales,Diaporthales,935_Diaporthe_eres,OTU126,"OTU125,OTU131,OTU129,OTU133,OTU138,OTU137,OTU136,OTU132,OTU135,OTU130,OTU128,OTU134,OTU127,OTU209,OTU210,OTU207,OTU185,OTU191,OTU111,OTU114,OTU188,OTU190,296_Orceolina_kerguelensis,744_Potebniamyces_pyri,OTU326,OTU857,OTU97,OTU94,OTU192,OTU211,OTU91,OTU145,OTU105,OTU121,OTU208,OTU657,OTU140,OTU307,OTU404,OTU376,OTU244,224_Pertusaria_dactylina,78_Acarosporina_microspora,935_Diaporthe_eres,642_Bacidia_schweinitzii,1081_Magnaporthe_grisea,645_Umbilicaria_mammulata"
EUSF00954,Ascomycota,Ascomycota,Capnodiales,Capnodiales,939_Capnodium_coffeae,OTU4,
EUSF00955,Ascomycota,Ascomycota,Acarosporales,Acarosporales,1007_Acarospora_laqueata,OTU560,
EUSF00956,Ascomycota,Ascomycota,Capnodiales,Capnodiales,939_Capnodium_coffeae,OTU2,
EUSF00957,Ascomycota,Ascomycota,Diaporthales,Diaporthales,935_Diaporthe_eres,OTU125,
EUSF00958,Ascomycota,Ascomycota,Xylariales,Xylariales,"63_Xylaria_acuta,51_Xylaria_hypoxylon",OTU104,
EUSF01611,Ascomycota,Ascomycota,Pezizales,Pezizales,"71_Peziza_proteana_f_sparassoides,507_Peziza_vesiculosa",OTU53,
EUSF00893,Ascomycota,Ascomycota,Sordariomycetes incertae sedis,Sordariomycetes incertae sedis,1081_Magnaporthe_grisea,OTU423,
EUSF01613,Ascomycota,Ascomycota,Helotiales,"Helotiales,Rhytismatales","147_Coccomyces_dentatus,744_Potebniamyces_pyri,166_Cudoniella_clavus,1_Leotia_lubrica,49_Lachnum_virgineum,941_Dermea_acerina,151_Chlorociboria_aeruginosa,76_Mollisia_cinerea,279_Monilinia_fructicola,59_Botrytis_cinerea",OTU723,OTU685
EUSF01614,Ascomycota,Ascomycota,Xylariales,Xylariales,"63_Xylaria_acuta,51_Xylaria_hypoxylon",OTU353,
EUSF00894,Ascomycota,Ascomycota,Sordariomycetes incertae sedis,Sordariomycetes incertae sedis,1081_Magnaporthe_grisea,OTU397,
EUSF00897,Ascomycota,Ascomycota,Xylariales,Xylariales,"63_Xylaria_acuta,51_Xylaria_hypoxylon",OTU8,
EUSF01617,Ascomycota,Ascomycota,Pleosporales,Pleosporales,940_Pleospora_herbarum,OTU428,
EUSF01378,Ascomycota,Ascomycota,Acarosporales,Acarosporales,1007_Acarospora_laqueata,OTU454,"OTU455,OTU458,OTU478,OTU479,OTU473,OTU459,OTU476,OTU453,OTU486,OTU457,OTU472,OTU484,OTU460,OTU461,OTU488,OTU508,OTU504,OTU495,OTU487,OTU493,OTU505,OTU507,OTU509,OTU521,OTU519,OTU518,OTU516,OTU522,OTU514,OTU524,OTU537,OTU538,OTU387,OTU396,OTU395,OTU408,OTU409,OTU411,OTU406,OTU405,OTU646,OTU647,OTU649,OTU639,OTU642,OTU637,OTU643,OTU648,OTU528,OTU515,OTU530,OTU517,OTU523,OTU578,OTU569,OTU589,OTU579,OTU577,OTU594,OTU600,OTU603,OTU606,OTU620,OTU614,OTU613,OTU612,OTU574,OTU588,OTU592,OTU571,OTU621,OTU609,OTU622,OTU610,OTU630,OTU632,OTU634,OTU626,OTU375,OTU368,OTU369,OTU564,OTU560,OTU553,OTU679,OTU678,OTU591,OTU570,OTU555,OTU557,OTU604,OTU596,OTU436,OTU439,OTU451,OTU477,OTU658,OTU659,OTU437,OTU441,OTU481,OTU640,OTU663,OTU576,OTU595,OTU611,OTU677,OTU1009,OTU625,OTU598,OTU566,OTU556,OTU631,OTU520,OTU503,OTU448,OTU206,OTU420,OTU445,OTU388,OTU354,OTU546,OTU602,OTU619,OTU377,OTU554,1005_Acarospora_schleicheri,64_Trichoglossum_hirsutum"
EUSF01371,Ascomycota,Ascomycota,Xylariales,Xylariales,63_Xylaria_acuta,OTU217,"OTU231,OTU225,OTU227,OTU229,OTU215,OTU230,OTU220,OTU224,OTU218,OTU232,OTU226,OTU323,OTU324,OTU320,OTU321,OTU325,OTU318,OTU345,OTU341,OTU346,OTU339,OTU338,51_Xylaria_hypoxylon,63_Xylaria_acuta,OTU664,OTU562,OTU573,OTU118,OTU119,OTU356,OTU963,OTU110"
EUSF01370,Ascomycota,Ascomycota,Xylariales,Xylariales,63_Xylaria_acuta,OTU963,
EUSF01377,Ascomycota,Ascomycota,Acarosporales,Acarosporales,1007_Acarospora_laqueata,OTU455,
EUSF01376,Ascomycota,Ascomycota,Xylariales,Xylariales,"63_Xylaria_acuta,51_Xylaria_hypoxylon",OTU416,
EUSF01374,Ascomycota,Ascomycota,Xylariales,Xylariales,"63_Xylaria_acuta,51_Xylaria_hypoxylon",OTU146,
EUSF01470,Ascomycota,Ascomycota,Xylariales,Xylariales,63_Xylaria_acuta,OTU573,
EUSF01471,Ascomycota,Ascomycota,Pezizales,Pezizales,"71_Peziza_proteana_f_sparassoides,507_Peziza_vesiculosa",OTU74,
EUSF01472,Ascomycota,Ascomycota,Pleosporales,Pleosporales,1037_Westerdykella_cylindrica,OTU721,"OTU720,OTU742,OTU628"
EUSF01180,Ascomycota,Ascomycota,Xylariales,Xylariales,"63_Xylaria_acuta,51_Xylaria_hypoxylon",OTU219,
EUSF01181,Ascomycota,Ascomycota,Acarosporales,Acarosporales,1007_Acarospora_laqueata,OTU528,
EUSF01183,Ascomycota,Ascomycota,Helotiales,Helotiales,59_Botrytis_cinerea,OTU734,
EUSF01184,Ascomycota,Ascomycota,Helotiales,Helotiales,59_Botrytis_cinerea,OTU733,
EUSF01185,Ascomycota,Ascomycota,Helotiales,Helotiales,59_Botrytis_cinerea,OTU732,
EUSF01186,Ascomycota,Ascomycota,Helotiales,Helotiales,59_Botrytis_cinerea,OTU760,
EUSF01187,Ascomycota,Ascomycota,Helotiales,Helotiales,59_Botrytis_cinerea,OTU731,
EUSF01188,Ascomycota,Ascomycota,Eurotiales,Eurotiales,1079_Aspergillus_fumigatus,OTU585,
EUSF01189,Ascomycota,Ascomycota,Eurotiales,Eurotiales,1079_Aspergillus_fumigatus,OTU527,
EUSF01244,Ascomycota,Ascomycota,Acarosporales,Acarosporales,1007_Acarospora_laqueata,OTU459,
EUSF01258,Ascomycota,Ascomycota,Acarosporales,Acarosporales,1007_Acarospora_laqueata,OTU578,
EUSF01259,Ascomycota,Ascomycota,Acarosporales,Acarosporales,1007_Acarospora_laqueata,OTU520,
EUSF00892,Ascomycota,Ascomycota,Helotiales,Helotiales,49_Lachnum_virgineum,OTU877,
EUSF00768,Ascomycota,Ascomycota,Xylariales,Xylariales,63_Xylaria_acuta,OTU664,
EUSF01623,Ascomycota,Ascomycota,Helotiales,Helotiales,59_Botrytis_cinerea,OTU851,
EUSF00767,Ascomycota,Ascomycota,Xylariales,Xylariales,51_Xylaria_hypoxylon,OTU304,
EUSF01150,Ascomycota,Ascomycota,Helotiales,Helotiales,59_Botrytis_cinerea,OTU805,
EUSF01268,Ascomycota,Ascomycota,Helotiales,Helotiales,59_Botrytis_cinerea,OTU855,
EUSF01625,Ascomycota,Ascomycota,Helotiales,Helotiales,49_Lachnum_virgineum,OTU940,
EUSF01624,Ascomycota,Ascomycota,Xylariales,Xylariales,"63_Xylaria_acuta,51_Xylaria_hypoxylon",OTU427,
EUSF01155,Ascomycota,Ascomycota,Helotiales,Helotiales,59_Botrytis_cinerea,OTU767,
EUSF01154,Ascomycota,Ascomycota,Helotiales,Helotiales,59_Botrytis_cinerea,OTU834,
EUSF00771,Ascomycota,Ascomycota,Helotiales,Helotiales,49_Lachnum_virgineum,OTU980,
EUSF01629,Ascomycota,Ascomycota,Helotiales,Helotiales,59_Botrytis_cinerea,OTU923,
EUSF01928,Ascomycota,Ascomycota,Pleosporales,Pleosporales,940_Pleospora_herbarum,OTU330,
EUSF01929,Ascomycota,Ascomycota,Pleosporales,Pleosporales,"1036_Trematosphaeria_heterospora,1037_Westerdykella_cylindrica,283_Pyrenophora_phaeocomes,54_Bipolaris_maydis,940_Pleospora_herbarum",OTU92,
EUSF01628,Ascomycota,Ascomycota,Helotiales,Helotiales,59_Botrytis_cinerea,OTU744,
EUSF01923,Ascomycota,Ascomycota,Pleosporales,Pleosporales,940_Pleospora_herbarum,OTU213,
EUSF01920,Ascomycota,Ascomycota,Eurotiales,Eurotiales,1079_Aspergillus_fumigatus,OTU667,
EUSF01921,Ascomycota,Ascomycota,Eurotiales,Eurotiales,1079_Aspergillus_fumigatus,OTU349,
EUSF01926,Ascomycota,Ascomycota,Eurotiales,Eurotiales,1079_Aspergillus_fumigatus,OTU682,
EUSF01924,Ascomycota,Ascomycota,Lecanorales,Lecanorales,84_Physcia_aipolia,OTU80,
EUSF01925,Ascomycota,Ascomycota,Eurotiales,Eurotiales,1079_Aspergillus_fumigatus,OTU651,"OTU650,OTU623,OTU1005,OTU275,OTU492,OTU547,OTU170,OTU344,OTU425,OTU342"
EUSF00753,Ascomycota,Ascomycota,Helotiales,Helotiales,59_Botrytis_cinerea,OTU809,
EUSF00983,Ascomycota,Ascomycota,Xylariales,Xylariales,63_Xylaria_acuta,OTU110,
EUSF00982,Ascomycota,Ascomycota,Xylariales,Xylariales,"63_Xylaria_acuta,51_Xylaria_hypoxylon",OTU680,"OTU711,OTU713"
EUSF00981,Ascomycota,Ascomycota,Xylariales,Xylariales,51_Xylaria_hypoxylon,OTU107,
EUSF00980,Ascomycota,Ascomycota,Sordariomycetes incertae sedis,Sordariomycetes incertae sedis,1081_Magnaporthe_grisea,OTU697,
EUSF00987,Ascomycota,Ascomycota,Xylariales,Xylariales,51_Xylaria_hypoxylon,OTU301,"OTU236,OTU143,OTU158,OTU253,OTU300,OTU444,OTU430"
EUSF00986,Ascomycota,Ascomycota,Xylariales,Xylariales,63_Xylaria_acuta,OTU119,
EUSF00985,Ascomycota,Ascomycota,Sordariomycetes incertae sedis,Sordariomycetes incertae sedis,1081_Magnaporthe_grisea,OTU419,
EUSF00984,Ascomycota,Ascomycota,Sordariomycetes incertae sedis,Sordariomycetes incertae sedis,1081_Magnaporthe_grisea,OTU223,
EUSF00820,Ascomycota,Ascomycota,Xylariales,Xylariales,51_Xylaria_hypoxylon,OTU187,"OTU175,OTU174,OTU181,OTU173,OTU194,OTU179,OTU204,OTU176,OTU177,OTU183,OTU186,OTU200,OTU189,OTU197,OTU180,OTU178,OTU198,OTU193,OTU195,OTU196,OTU291,OTU303,OTU308,OTU292,OTU298,OTU299,OTU296,OTU276,OTU277,OTU273,OTU265,OTU306,OTU287,OTU305,OTU297,OTU261,OTU262,OTU264,OTU415,OTU424,OTU290,OTU294,OTU506,OTU363,OTU429,OTU202,OTU199,OTU304,OTU172,OTU107,OTU212,OTU314,OTU255,OTU108,OTU313,OTU340,OTU293,OTU295,OTU302,OTU936,OTU960,OTU1006,OTU117,OTU171,OTU205,OTU383,OTU474,OTU545,OTU462,OTU475,OTU378,OTU447,OTU246,217_Chaetomium_globosum"
EUSF00821,Ascomycota,Ascomycota,Xylariales,Xylariales,63_Xylaria_acuta,OTU231,
EUSF00822,Ascomycota,Ascomycota,Pleosporales,Pleosporales,940_Pleospora_herbarum,OTU343,
EUSF00988,Ascomycota,Ascomycota,Xylariales,Xylariales,"63_Xylaria_acuta,51_Xylaria_hypoxylon",OTU102,
EUSF00824,Ascomycota,Ascomycota,Helotiales,Helotiales,49_Lachnum_virgineum,OTU898,
EUSF00825,Ascomycota,Ascomycota,Helotiales,Helotiales,49_Lachnum_virgineum,OTU961,
EUSF00827,Ascomycota,Ascomycota,Diaporthales,Diaporthales,935_Diaporthe_eres,OTU130,
EUSF00740,Ascomycota,Ascomycota,Helotiales,Helotiales,49_Lachnum_virgineum,OTU949,
EUSF00578,Ascomycota,Ascomycota,Acarosporales,Acarosporales,1007_Acarospora_laqueata,OTU621,
EUSF00579,Ascomycota,Ascomycota,Acarosporales,Acarosporales,1007_Acarospora_laqueata,OTU620,
EUSF00576,Ascomycota,Ascomycota,Pezizales,Pezizales,"71_Peziza_proteana_f_sparassoides,507_Peziza_vesiculosa",OTU83,
EUSF00577,Ascomycota,Ascomycota,Eurotiales,Eurotiales,1079_Aspergillus_fumigatus,OTU590,
EUSF00574,Ascomycota,Ascomycota,Pezizales,Pezizales,"71_Peziza_proteana_f_sparassoides,507_Peziza_vesiculosa",OTU72,
EUSF00575,Ascomycota,Ascomycota,Acarosporales,Acarosporales,1007_Acarospora_laqueata,OTU591,
EUSF00573,Ascomycota,Ascomycota,Eurotiales,Eurotiales,1079_Aspergillus_fumigatus,OTU483,
EUSF00571,Ascomycota,Ascomycota,Helotiales,Helotiales,49_Lachnum_virgineum,OTU915,
EUSF01621,Ascomycota,Ascomycota,Xylariales,Xylariales,51_Xylaria_hypoxylon,OTU313,
EUSF01152,Ascomycota,Ascomycota,Xylariales,Xylariales,"63_Xylaria_acuta,51_Xylaria_hypoxylon",OTU240,
EUSF01151,Ascomycota,Ascomycota,Xylariales,Xylariales,"63_Xylaria_acuta,51_Xylaria_hypoxylon",OTU40,
EUSF01622,Ascomycota,Ascomycota,Helotiales,Helotiales,59_Botrytis_cinerea,OTU752,
EUSF01157,Ascomycota,Ascomycota,Xylariales,Xylariales,51_Xylaria_hypoxylon,OTU291,
EUSF00710,Ascomycota,Ascomycota,Capnodiales,Capnodiales,939_Capnodium_coffeae,OTU707,
EUSF01627,Ascomycota,Ascomycota,Acarosporales,Acarosporales,1007_Acarospora_laqueata,OTU488,
EUSF01626,Ascomycota,Ascomycota,Xylariales,Xylariales,"63_Xylaria_acuta,51_Xylaria_hypoxylon",OTU312,
EUSF01250,Ascomycota,Ascomycota,Acarosporales,Acarosporales,1007_Acarospora_laqueata,OTU375,
EUSF01251,Ascomycota,Ascomycota,Acarosporales,Acarosporales,1007_Acarospora_laqueata,OTU555,
EUSF01252,Ascomycota,Ascomycota,Acarosporales,Acarosporales,1007_Acarospora_laqueata,OTU458,
EUSF01253,Ascomycota,Ascomycota,Pleosporales,Pleosporales,940_Pleospora_herbarum,OTU374,
EUSF01254,Ascomycota,Ascomycota,Sordariomycetes incertae sedis,Sordariomycetes incertae sedis,1081_Magnaporthe_grisea,OTU289,"OTU502,OTU654,OTU705,1078_Neurospora_crassa,161_Nectria_haematococca"
EUSF01255,Ascomycota,Ascomycota,Pleosporales,Pleosporales,940_Pleospora_herbarum,OTU373,
EUSF01256,Ascomycota,Ascomycota,Acarosporales,Acarosporales,1007_Acarospora_laqueata,OTU206,
EUSF01257,Ascomycota,Ascomycota,Acarosporales,Acarosporales,1007_Acarospora_laqueata,OTU521,
EUSF00717,Ascomycota,Ascomycota,Acarosporales,Acarosporales,1007_Acarospora_laqueata,OTU600,
EUSF00714,Ascomycota,Ascomycota,Diaporthales,Diaporthales,935_Diaporthe_eres,OTU209,
EUSF00715,Ascomycota,Ascomycota,Xylariales,Xylariales,"63_Xylaria_acuta,51_Xylaria_hypoxylon",OTU13,
EUSF00712,Ascomycota,Ascomycota,Sordariomycetes incertae sedis,Sordariomycetes incertae sedis,1081_Magnaporthe_grisea,OTU534,"OTU529,OTU526,OTU513,OTU423,OTU419,OTU422,OTU497,OTU490,OTU489,OTU695,OTU708,OTU624,OTU593,OTU500,OTU223,OTU397,OTU561"
EUSF00713,Ascomycota,Ascomycota,Acarosporales,Acarosporales,1007_Acarospora_laqueata,OTU508,
EUSF00659,Ascomycota,Ascomycota,Sordariomycetes incertae sedis,Sordariomycetes incertae sedis,1081_Magnaporthe_grisea,OTU601,
EUSF00711,Ascomycota,Ascomycota,Diaporthales,Diaporthales,935_Diaporthe_eres,OTU210,
EUSF00657,Ascomycota,Ascomycota,Eurotiales,Eurotiales,1079_Aspergillus_fumigatus,OTU547,
EUSF00656,Ascomycota,Ascomycota,Xylariales,Xylariales,"63_Xylaria_acuta,51_Xylaria_hypoxylon",OTU247,
EUSF00655,Ascomycota,Ascomycota,Xylariales,Xylariales,"63_Xylaria_acuta,51_Xylaria_hypoxylon",OTU713,
EUSF00654,Ascomycota,Ascomycota,Sordariomycetes incertae sedis,Sordariomycetes incertae sedis,1081_Magnaporthe_grisea,OTU482,
EUSF00653,Ascomycota,Ascomycota,Pezizales,Pezizales,"71_Peziza_proteana_f_sparassoides,507_Peziza_vesiculosa",OTU64,
EUSF00652,Ascomycota,Ascomycota,Xylariales,Xylariales,"63_Xylaria_acuta,51_Xylaria_hypoxylon",OTU163,
EUSF00651,Ascomycota,Ascomycota,Xylariales,Xylariales,"63_Xylaria_acuta,51_Xylaria_hypoxylon",OTU38,
EUSF00650,Ascomycota,Ascomycota,Pezizales,Pezizales,"71_Peziza_proteana_f_sparassoides,507_Peziza_vesiculosa",OTU84,
EUSF00918,Ascomycota,Ascomycota,Xylariales,Xylariales,51_Xylaria_hypoxylon,OTU378,
EUSF00919,Ascomycota,Ascomycota,Sordariomycetes incertae sedis,Sordariomycetes incertae sedis,1081_Magnaporthe_grisea,OTU421,
EUSF00915,Ascomycota,Ascomycota,Helotiales,Helotiales,59_Botrytis_cinerea,OTU709,OTU740
EUSF00916,Ascomycota,Ascomycota,Xylariales,Xylariales,"63_Xylaria_acuta,51_Xylaria_hypoxylon",OTU152,
EUSF00917,Ascomycota,Ascomycota,Xylariales,Xylariales,63_Xylaria_acuta,OTU225,
EUSF00910,Ascomycota,Ascomycota,Sordariomycetes incertae sedis,Sordariomycetes incertae sedis,1081_Magnaporthe_grisea,OTU422,
EUSF00911,Ascomycota,Ascomycota,Xylariales,Xylariales,"63_Xylaria_acuta,51_Xylaria_hypoxylon",OTU113,
EUSF00913,Ascomycota,Ascomycota,Sordariomycetes incertae sedis,Sordariomycetes incertae sedis,1081_Magnaporthe_grisea,OTU182,OTU319
EUSF00889,Ascomycota,Ascomycota,Helotiales,Helotiales,49_Lachnum_virgineum,OTU878,
EUSF00789,Ascomycota,Ascomycota,Sordariomycetes incertae sedis,Sordariomycetes incertae sedis,1081_Magnaporthe_grisea,OTU561,
EUSF00788,Ascomycota,Ascomycota,Diaporthales,Diaporthales,935_Diaporthe_eres,OTU131,
EUSF00785,Ascomycota,Ascomycota,Capnodiales,Capnodiales,939_Capnodium_coffeae,OTU1,"OTU4,OTU6,OTU3,OTU2"
EUSF00784,Ascomycota,Ascomycota,Sordariomycetes incertae sedis,Sordariomycetes incertae sedis,1081_Magnaporthe_grisea,OTU708,
EUSF00787,Ascomycota,Ascomycota,Acarosporales,Acarosporales,1007_Acarospora_laqueata,OTU504,
EUSF00786,Ascomycota,Ascomycota,Dothideales,"Dothideales,Capnodiales","274_Dothidea_sambuci,921_Dothidea_insculpta,939_Capnodium_coffeae",OTU30,
EUSF00781,Ascomycota,Ascomycota,Diaporthales,Diaporthales,935_Diaporthe_eres,OTU657,
EUSF00783,Ascomycota,Ascomycota,Xylariales,Xylariales,51_Xylaria_hypoxylon,OTU246,
EUSF00782,Ascomycota,Ascomycota,Xylariales,Xylariales,51_Xylaria_hypoxylon,OTU303,
EUSF01910,Ascomycota,Ascomycota,Lecanorales,Lecanorales,84_Physcia_aipolia,OTU706,
EUSF01434,Ascomycota,Ascomycota,Xylariales,Xylariales,"63_Xylaria_acuta,51_Xylaria_hypoxylon",OTU59,
EUSF01437,Ascomycota,Ascomycota,Helotiales,Helotiales,49_Lachnum_virgineum,OTU967,
EUSF01430,Ascomycota,Ascomycota,Pezizales,Pezizales,50_Sarcoscypha_coccinea,OTU101,
EUSF01098,Ascomycota,Ascomycota,Helotiales,Helotiales,59_Botrytis_cinerea,OTU783,
EUSF01432,Ascomycota,Ascomycota,Pezizales,Pezizales,50_Sarcoscypha_coccinea,OTU95,"OTU101,OTU372,50_Sarcoscypha_coccinea"
EUSF01433,Ascomycota,Ascomycota,Helotiales,Helotiales,49_Lachnum_virgineum,OTU862,
EUSF01027,Ascomycota,Ascomycota,Xylariales,Xylariales,"63_Xylaria_acuta,51_Xylaria_hypoxylon",OTU222,
EUSF01026,Ascomycota,Ascomycota,Xylariales,Xylariales,"63_Xylaria_acuta,51_Xylaria_hypoxylon",OTU360,
EUSF01537,Ascomycota,Ascomycota,Helotiales,Helotiales,59_Botrytis_cinerea,OTU802,
EUSF01024,Ascomycota,Ascomycota,Sordariomycetes incertae sedis,Sordariomycetes incertae sedis,1081_Magnaporthe_grisea,OTU529,
EUSF01023,Ascomycota,Ascomycota,Acarosporales,Acarosporales,1007_Acarospora_laqueata,OTU478,
EUSF01530,Ascomycota,Ascomycota,Pezizales,Pezizales,"71_Peziza_proteana_f_sparassoides,507_Peziza_vesiculosa",OTU49,
EUSF01533,Ascomycota,Ascomycota,Pleosporales,Pleosporales,1037_Westerdykella_cylindrica,OTU720,
EUSF01532,Ascomycota,Ascomycota,Pezizales,Pezizales,"71_Peziza_proteana_f_sparassoides,507_Peziza_vesiculosa",OTU52,
EUSF01539,Ascomycota,Ascomycota,Eurotiales,Eurotiales,1079_Aspergillus_fumigatus,OTU317,
EUSF01538,Ascomycota,Ascomycota,Xylariales,Xylariales,51_Xylaria_hypoxylon,OTU429,
EUSF01029,Ascomycota,Ascomycota,Acarosporales,Acarosporales,1007_Acarospora_laqueata,OTU477,
EUSF01028,Ascomycota,Ascomycota,Xylariales,Xylariales,"63_Xylaria_acuta,51_Xylaria_hypoxylon",OTU263,
EUSF00886,Ascomycota,Ascomycota,Acarosporales,Acarosporales,1007_Acarospora_laqueata,OTU479,
EUSF00887,Ascomycota,Ascomycota,Eurotiales,Eurotiales,1079_Aspergillus_fumigatus,OTU271,
EUSF00969,Ascomycota,Ascomycota,Acarosporales,Acarosporales,1007_Acarospora_laqueata,OTU395,
EUSF01863,Ascomycota,Ascomycota,Eurotiales,Eurotiales,1079_Aspergillus_fumigatus,OTU674,
EUSF01356,Ascomycota,Ascomycota,Helotiales,Helotiales,59_Botrytis_cinerea,OTU710,
EUSF01093,Ascomycota,Ascomycota,Acarosporales,Acarosporales,1007_Acarospora_laqueata,OTU473,
EUSF00961,Ascomycota,Ascomycota,Capnodiales,Capnodiales,939_Capnodium_coffeae,OTU3,
EUSF00960,Ascomycota,Ascomycota,Dothideales,"Dothideales,Capnodiales","274_Dothidea_sambuci,921_Dothidea_insculpta,939_Capnodium_coffeae",OTU29,
EUSF00963,Ascomycota,Ascomycota,Dothideales,"Dothideales,Capnodiales","274_Dothidea_sambuci,921_Dothidea_insculpta,939_Capnodium_coffeae",OTU7,
EUSF00962,Ascomycota,Ascomycota,Xylariales,Xylariales,51_Xylaria_hypoxylon,OTU175,
EUSF00965,Ascomycota,Ascomycota,Xylariales,Xylariales,51_Xylaria_hypoxylon,OTU174,
EUSF00964,Ascomycota,Ascomycota,Diaporthales,Diaporthales,935_Diaporthe_eres,OTU91,
EUSF00967,Ascomycota,Ascomycota,Xylariales,Xylariales,"63_Xylaria_acuta,51_Xylaria_hypoxylon",OTU629,
EUSF00966,Ascomycota,Ascomycota,Sordariomycetes incertae sedis,Sordariomycetes incertae sedis,1081_Magnaporthe_grisea,OTU446,
EUSF01860,Ascomycota,Ascomycota,Eurotiales,Eurotiales,1079_Aspergillus_fumigatus,OTU693,
EUSF00620,Ascomycota,Ascomycota,Pezizales,Pezizales,50_Sarcoscypha_coccinea,OTU57,OTU56
EUSF01529,Ascomycota,Ascomycota,Helotiales,Helotiales,59_Botrytis_cinerea,OTU926,
EUSF01096,Ascomycota,Ascomycota,Diaporthales,Diaporthales,935_Diaporthe_eres,OTU501,
EUSF01320,Ascomycota,Ascomycota,Acarosporales,Acarosporales,1007_Acarospora_laqueata,OTU1009,
EUSF01448,Ascomycota,Ascomycota,Diaporthales,Diaporthales,935_Diaporthe_eres,OTU145,
EUSF01323,Ascomycota,Ascomycota,Pezizales,Pezizales,"71_Peziza_proteana_f_sparassoides,507_Peziza_vesiculosa",OTU62,"OTU63,OTU61,OTU60,OTU64"
EUSF01324,Ascomycota,Ascomycota,Sordariales,Sordariales,1085_Podospora_anserina,OTU456,
EUSF01325,Ascomycota,Ascomycota,Acarosporales,Acarosporales,1007_Acarospora_laqueata,OTU677,
EUSF01078,Ascomycota,Ascomycota,Xylariales,Xylariales,63_Xylaria_acuta,OTU338,
EUSF01441,Ascomycota,Ascomycota,Pezizales,Pezizales,50_Sarcoscypha_coccinea,OTU372,
EUSF01440,Ascomycota,Ascomycota,Pezizales,Pezizales,50_Sarcoscypha_coccinea,OTU123,"OTU124,OTU96"
EUSF01864,Ascomycota,Ascomycota,Lecanorales,Lecanorales,84_Physcia_aipolia,OTU661,
EUSF00779,Ascomycota,Ascomycota,Helotiales,Helotiales,49_Lachnum_virgineum,OTU973,
EUSF01881,Ascomycota,Ascomycota,Eurotiales,Eurotiales,1079_Aspergillus_fumigatus,OTU672,
EUSF01880,Ascomycota,Ascomycota,Lecanorales,Lecanorales,84_Physcia_aipolia,OTU660,
EUSF01451,Ascomycota,Ascomycota,Xylariales,Xylariales,63_Xylaria_acuta,OTU215,
EUSF01966,Ascomycota,Ascomycota,Lecanorales,Lecanorales,84_Physcia_aipolia,OTU1008,
EUSF01964,Ascomycota,Ascomycota,Pleosporales,Pleosporales,940_Pleospora_herbarum,OTU280,
EUSF01965,Ascomycota,Ascomycota,Pleosporales,Pleosporales,940_Pleospora_herbarum,OTU309,
EUSF01962,Ascomycota,Ascomycota,Eurotiales,Eurotiales,1079_Aspergillus_fumigatus,OTU281,"OTU282,OTU1000,OTU1001,OTU331,OTU349,OTU384"
EUSF01963,Ascomycota,Ascomycota,Pleosporales,Pleosporales,940_Pleospora_herbarum,OTU540,
EUSF01960,Ascomycota,Ascomycota,Pleosporales,Pleosporales,940_Pleospora_herbarum,OTU976,
EUSF01961,Ascomycota,Ascomycota,Eurotiales,Eurotiales,1079_Aspergillus_fumigatus,OTU1000,
EUSF01719,Ascomycota,Ascomycota,Acarosporales,Acarosporales,1007_Acarospora_laqueata,OTU569,
EUSF00629,Ascomycota,Ascomycota,Eurotiales,Eurotiales,1079_Aspergillus_fumigatus,OTU425,
EUSF01968,Ascomycota,Ascomycota,Lecanorales,Lecanorales,84_Physcia_aipolia,OTU702,
EUSF01718,Ascomycota,Ascomycota,Acarosporales,Acarosporales,1007_Acarospora_laqueata,OTU368,
EUSF00864,Ascomycota,Ascomycota,Helotiales,Helotiales,49_Lachnum_virgineum,OTU886,
EUSF01715,Ascomycota,Ascomycota,Xylariales,Xylariales,"63_Xylaria_acuta,51_Xylaria_hypoxylon",OTU412,
EUSF00866,Ascomycota,Ascomycota,Helotiales,Helotiales,49_Lachnum_virgineum,OTU859,
EUSF00867,Ascomycota,Ascomycota,Helotiales,Helotiales,49_Lachnum_virgineum,OTU884,
EUSF00860,Ascomycota,Ascomycota,Helotiales,Helotiales,49_Lachnum_virgineum,OTU889,
EUSF00861,Ascomycota,Ascomycota,Helotiales,Helotiales,49_Lachnum_virgineum,OTU819,
EUSF00862,Ascomycota,Ascomycota,Helotiales,Helotiales,49_Lachnum_virgineum,OTU888,"OTU870,OTU898,OTU892,OTU958,OTU959,OTU928,OTU941,426_Monascus_purpureus,196_Mycoblastus_sanguinarius"
EUSF01714,Ascomycota,Ascomycota,Xylariales,Xylariales,"63_Xylaria_acuta,51_Xylaria_hypoxylon",OTU142,
EUSF00868,Ascomycota,Ascomycota,Diaporthales,Diaporthales,935_Diaporthe_eres,OTU129,
EUSF01717,Ascomycota,Ascomycota,Acarosporales,Acarosporales,1007_Acarospora_laqueata,OTU388,
EUSF01716,Ascomycota,Ascomycota,Helotiales,Helotiales,49_Lachnum_virgineum,OTU870,
EUSF01711,Ascomycota,Ascomycota,Eurotiales,Eurotiales,1079_Aspergillus_fumigatus,OTU389,
EUSF01681,Ascomycota,Ascomycota,Acarosporales,Acarosporales,1007_Acarospora_laqueata,OTU487,
EUSF01713,Ascomycota,Ascomycota,Helotiales,Helotiales,49_Lachnum_virgineum,OTU939,OTU987
EUSF01712,Ascomycota,Ascomycota,Eurotiales,Eurotiales,1079_Aspergillus_fumigatus,OTU450,
EUSF01814,Ascomycota,Ascomycota,Eurotiales,Eurotiales,1079_Aspergillus_fumigatus,OTU694,
EUSF01214,Ascomycota,Ascomycota,Helotiales,Helotiales,59_Botrytis_cinerea,OTU726,
EUSF01215,Ascomycota,Ascomycota,Xylariales,Xylariales,"63_Xylaria_acuta,51_Xylaria_hypoxylon",OTU18,
EUSF01216,Ascomycota,Ascomycota,Pleosporales,Pleosporales,940_Pleospora_herbarum,OTU496,
EUSF01217,Ascomycota,Ascomycota,Sordariomycetes incertae sedis,Sordariomycetes incertae sedis,1081_Magnaporthe_grisea,OTU526,
EUSF01210,Ascomycota,Ascomycota,Xylariales,Xylariales,51_Xylaria_hypoxylon,OTU290,
EUSF01211,Ascomycota,Ascomycota,Pezizales,Pezizales,50_Sarcoscypha_coccinea,OTU47,
EUSF01212,Ascomycota,Ascomycota,Xylariales,Xylariales,51_Xylaria_hypoxylon,OTU462,
EUSF01213,Ascomycota,Ascomycota,Xylariales,Xylariales,"63_Xylaria_acuta,51_Xylaria_hypoxylon",OTU256,
EUSF00613,Ascomycota,Ascomycota,Helotiales,Helotiales,49_Lachnum_virgineum,OTU987,
EUSF00612,Ascomycota,Ascomycota,Helotiales,Helotiales,59_Botrytis_cinerea,OTU743,
EUSF00611,Ascomycota,Ascomycota,Xylariales,Xylariales,63_Xylaria_acuta,OTU345,
EUSF00610,Ascomycota,Ascomycota,Sordariomycetes incertae sedis,Sordariomycetes incertae sedis,1081_Magnaporthe_grisea,OTU549,
EUSF00617,Ascomycota,Ascomycota,Xylariales,Xylariales,51_Xylaria_hypoxylon,OTU200,
EUSF00616,Ascomycota,Ascomycota,Xylariales,Xylariales,"63_Xylaria_acuta,51_Xylaria_hypoxylon",OTU201,
EUSF00615,Ascomycota,Ascomycota,Xylariales,Xylariales,51_Xylaria_hypoxylon,OTU308,
EUSF00590,Ascomycota,Ascomycota,Acarosporales,Acarosporales,1007_Acarospora_laqueata,OTU589,
EUSF00592,Ascomycota,Ascomycota,Acarosporales,Acarosporales,1007_Acarospora_laqueata,OTU603,
EUSF00593,Ascomycota,Ascomycota,Acarosporales,Acarosporales,1007_Acarospora_laqueata,OTU630,
EUSF00594,Ascomycota,Ascomycota,Acarosporales,Acarosporales,1007_Acarospora_laqueata,OTU588,
EUSF00595,Ascomycota,Ascomycota,Acarosporales,Acarosporales,1007_Acarospora_laqueata,OTU619,
EUSF00596,Ascomycota,Ascomycota,Acarosporales,Acarosporales,1007_Acarospora_laqueata,OTU602,
EUSF00597,Ascomycota,Ascomycota,Acarosporales,Acarosporales,1007_Acarospora_laqueata,OTU448,
EUSF00598,Ascomycota,Ascomycota,Xylariales,Xylariales,"63_Xylaria_acuta,51_Xylaria_hypoxylon",OTU28,
EUSF00599,Ascomycota,Ascomycota,Helotiales,Helotiales,49_Lachnum_virgineum,OTU914,
EUSF00811,Ascomycota,Ascomycota,Helotiales,Helotiales,59_Botrytis_cinerea,OTU788,
EUSF00810,Ascomycota,Ascomycota,Helotiales,Helotiales,49_Lachnum_virgineum,OTU901,
EUSF00812,Ascomycota,Ascomycota,Helotiales,Helotiales,49_Lachnum_virgineum,OTU900,
EUSF00815,Ascomycota,Ascomycota,Pezizales,Pezizales,148_Cheilymenia_stercorea,OTU434,
EUSF00814,Ascomycota,Ascomycota,Helotiales,Helotiales,49_Lachnum_virgineum,OTU899,
EUSF00817,Ascomycota,Ascomycota,Diaporthales,Diaporthales,935_Diaporthe_eres,OTU188,
EUSF00816,Ascomycota,Ascomycota,Xylariales,Xylariales,51_Xylaria_hypoxylon,OTU189,
EUSF00819,Ascomycota,Ascomycota,Diaporthales,Diaporthales,935_Diaporthe_eres,OTU94,
EUSF00818,Ascomycota,Ascomycota,Helotiales,Helotiales,59_Botrytis_cinerea,OTU848,
EUSF00526,Ascomycota,Ascomycota,Helotiales,Helotiales,59_Botrytis_cinerea,OTU718,
EUSF01170,Ascomycota,Ascomycota,Eurotiales,Eurotiales,1079_Aspergillus_fumigatus,OTU499,
EUSF01597,Ascomycota,Ascomycota,Helotiales,Helotiales,59_Botrytis_cinerea,OTU872,
EUSF01063,Ascomycota,Ascomycota,Xylariales,Xylariales,"63_Xylaria_acuta,51_Xylaria_hypoxylon",OTU33,
EUSF01062,Ascomycota,Ascomycota,Xylariales,Xylariales,51_Xylaria_hypoxylon,OTU294,
EUSF01061,Ascomycota,Ascomycota,Helotiales,Helotiales,49_Lachnum_virgineum,OTU935,
EUSF01060,Ascomycota,Ascomycota,Xylariales,Xylariales,"63_Xylaria_acuta,51_Xylaria_hypoxylon",OTU258,
EUSF01067,Ascomycota,Ascomycota,Xylariales,Xylariales,"63_Xylaria_acuta,51_Xylaria_hypoxylon",OTU22,
EUSF01065,Ascomycota,Ascomycota,Xylariales,Xylariales,51_Xylaria_hypoxylon,OTU293,
EUSF01064,Ascomycota,Ascomycota,Xylariales,Xylariales,"63_Xylaria_acuta,51_Xylaria_hypoxylon",OTU23,
EUSF01100,Ascomycota,Ascomycota,Xylariales,Xylariales,63_Xylaria_acuta,OTU118,
EUSF01101,Ascomycota,Ascomycota,Acarosporales,Acarosporales,1007_Acarospora_laqueata,OTU441,
EUSF01068,Ascomycota,Ascomycota,Helotiales,Helotiales,59_Botrytis_cinerea,OTU930,
EUSF01104,Ascomycota,Ascomycota,Diaporthales,Diaporthales,935_Diaporthe_eres,OTU471,
EUSF01105,Ascomycota,Ascomycota,Xylariales,Xylariales,"63_Xylaria_acuta,51_Xylaria_hypoxylon",OTU971,
EUSF01106,Ascomycota,Ascomycota,Helotiales,Helotiales,59_Botrytis_cinerea,OTU780,
EUSF01261,Ascomycota,Ascomycota,Acarosporales,Acarosporales,1007_Acarospora_laqueata,OTU596,
EUSF01260,Ascomycota,Ascomycota,Acarosporales,Acarosporales,1007_Acarospora_laqueata,OTU519,
EUSF01263,Ascomycota,Ascomycota,Acarosporales,Acarosporales,1007_Acarospora_laqueata,OTU518,
EUSF01262,Ascomycota,Ascomycota,Pleosporales,Pleosporales,940_Pleospora_herbarum,OTU239,
EUSF00769,Ascomycota,Ascomycota,Diaporthales,Diaporthales,935_Diaporthe_eres,OTU326,
EUSF01266,Ascomycota,Ascomycota,Sordariales,Sordariales,1085_Podospora_anserina,OTU238,
EUSF01269,Ascomycota,Ascomycota,Xylariales,Xylariales,51_Xylaria_hypoxylon,OTU90,"OTU89,OTU93"
EUSF00766,Ascomycota,Ascomycota,Xylariales,Xylariales,51_Xylaria_hypoxylon,OTU305,
EUSF00765,Ascomycota,Ascomycota,Helotiales,Helotiales,49_Lachnum_virgineum,OTU990,
EUSF00764,Ascomycota,Ascomycota,Helotiales,Helotiales,49_Lachnum_virgineum,OTU906,
EUSF00763,Ascomycota,Ascomycota,Helotiales,Helotiales,49_Lachnum_virgineum,OTU907,
EUSF00762,Ascomycota,Ascomycota,Helotiales,Helotiales,49_Lachnum_virgineum,OTU975,
EUSF00761,Ascomycota,Ascomycota,Helotiales,Helotiales,49_Lachnum_virgineum,OTU937,
EUSF00760,Ascomycota,Ascomycota,Xylariales,Xylariales,51_Xylaria_hypoxylon,OTU424,
EUSF01535,Ascomycota,Ascomycota,Sordariomycetes incertae sedis,Sordariomycetes incertae sedis,1081_Magnaporthe_grisea,OTU490,
EUSF01248,Ascomycota,Ascomycota,Acarosporales,Acarosporales,1007_Acarospora_laqueata,OTU522,
EUSF01534,Ascomycota,Ascomycota,Xylariales,Xylariales,51_Xylaria_hypoxylon,OTU287,
EUSF00925,Ascomycota,Ascomycota,Xylariales,Xylariales,51_Xylaria_hypoxylon,OTU181,
EUSF00924,Ascomycota,Ascomycota,Diaporthales,Diaporthales,935_Diaporthe_eres,OTU128,
EUSF00888,Ascomycota,Ascomycota,Helotiales,Helotiales,49_Lachnum_virgineum,OTU977,
EUSF01536,Ascomycota,Ascomycota,Xylariales,Xylariales,51_Xylaria_hypoxylon,OTU415,
EUSF00921,Ascomycota,Ascomycota,Xylariales,Xylariales,51_Xylaria_hypoxylon,OTU363,
EUSF00920,Ascomycota,Ascomycota,Xylariales,Xylariales,"63_Xylaria_acuta,51_Xylaria_hypoxylon",OTU151,
EUSF00923,Ascomycota,Ascomycota,Xylariales,Xylariales,"63_Xylaria_acuta,51_Xylaria_hypoxylon",OTU150,
EUSF00882,Ascomycota,Ascomycota,Helotiales,Helotiales,49_Lachnum_virgineum,OTU880,
EUSF00883,Ascomycota,Ascomycota,Xylariales,Xylariales,63_Xylaria_acuta,OTU227,
EUSF00880,Ascomycota,Ascomycota,Pezizales,Pezizales,50_Sarcoscypha_coccinea,OTU71,
EUSF00881,Ascomycota,Ascomycota,Helotiales,Helotiales,59_Botrytis_cinerea,OTU736,
EUSF00929,Ascomycota,Ascomycota,Xylariales,Xylariales,"63_Xylaria_acuta,51_Xylaria_hypoxylon",OTU362,
EUSF00928,Ascomycota,Ascomycota,Diaporthales,Diaporthales,935_Diaporthe_eres,OTU121,
EUSF01022,Ascomycota,Ascomycota,Xylariales,Xylariales,51_Xylaria_hypoxylon,OTU444,
EUSF00848,Ascomycota,Ascomycota,Helotiales,Helotiales,49_Lachnum_virgineum,OTU978,
EUSF01364,Ascomycota,Ascomycota,Xylariales,Xylariales,"63_Xylaria_acuta,51_Xylaria_hypoxylon",OTU147,
EUSF01124,Ascomycota,Ascomycota,Helotiales,Helotiales,59_Botrytis_cinerea,OTU838,
EUSF01361,Ascomycota,Ascomycota,Acarosporales,Acarosporales,1007_Acarospora_laqueata,OTU639,
EUSF01402,Ascomycota,Ascomycota,Helotiales,Helotiales,59_Botrytis_cinerea,OTU853,
EUSF01409,Ascomycota,Ascomycota,Helotiales,Helotiales,59_Botrytis_cinerea,OTU863,
EUSF01408,Ascomycota,Ascomycota,Pleosporales,Pleosporales,940_Pleospora_herbarum,OTU565,
EUSF01125,Ascomycota,Ascomycota,Helotiales,Helotiales,59_Botrytis_cinerea,OTU748,
EUSF01688,Ascomycota,Ascomycota,Acarosporales,Acarosporales,1007_Acarospora_laqueata,OTU451,
EUSF00569,Ascomycota,Ascomycota,Acarosporales,Acarosporales,1007_Acarospora_laqueata,OTU658,
EUSF01319,Ascomycota,Ascomycota,Sordariales,Sordariales,1085_Podospora_anserina,OTU575,"OTU418,OTU238,OTU288,OTU456"
EUSF01318,Ascomycota,Ascomycota,Pezizales,Pezizales,507_Peziza_vesiculosa,OTU69,OTU81
EUSF01310,Ascomycota,Ascomycota,Acarosporales,Acarosporales,1007_Acarospora_laqueata,OTU516,
EUSF01313,Ascomycota,Ascomycota,Helotiales,Helotiales,59_Botrytis_cinerea,OTU831,
EUSF01312,Ascomycota,Ascomycota,Acarosporales,Acarosporales,1007_Acarospora_laqueata,OTU515,
EUSF01315,Ascomycota,Ascomycota,Acarosporales,Acarosporales,1007_Acarospora_laqueata,OTU566,
EUSF01314,Ascomycota,Ascomycota,Acarosporales,Acarosporales,1007_Acarospora_laqueata,OTU576,
EUSF01089,Ascomycota,Ascomycota,Eurotiales,Eurotiales,1079_Aspergillus_fumigatus,OTU358,
EUSF01088,Ascomycota,Ascomycota,Xylariales,Xylariales,"63_Xylaria_acuta,51_Xylaria_hypoxylon",OTU21,"OTU26,OTU25,OTU17,OTU40,OTU38,OTU41,OTU42,OTU37,OTU34,OTU35,OTU20,OTU23,OTU11,OTU32,OTU33,OTU27,OTU19,OTU24,OTU22,OTU10,OTU43,OTU18,OTU28,OTU12,OTU45,OTU13,OTU8"
EUSF01081,Ascomycota,Ascomycota,Xylariales,Xylariales,51_Xylaria_hypoxylon,OTU545,
EUSF00561,Ascomycota,Ascomycota,Helotiales,Helotiales,49_Lachnum_virgineum,OTU956,
EUSF01083,Ascomycota,Ascomycota,Pezizales,Pezizales,"71_Peziza_proteana_f_sparassoides,507_Peziza_vesiculosa",OTU70,
EUSF01082,Ascomycota,Ascomycota,Xylariales,Xylariales,"63_Xylaria_acuta,51_Xylaria_hypoxylon",OTU995,
EUSF01085,Ascomycota,Ascomycota,Xylariales,Xylariales,"63_Xylaria_acuta,51_Xylaria_hypoxylon",OTU41,
EUSF01084,Ascomycota,Ascomycota,Diaporthales,Diaporthales,935_Diaporthe_eres,OTU376,
EUSF01087,Ascomycota,Ascomycota,Xylariales,Xylariales,51_Xylaria_hypoxylon,OTU292,
EUSF00560,Ascomycota,Ascomycota,Acarosporales,Acarosporales,1007_Acarospora_laqueata,OTU649,
EUSF01856,Ascomycota,Ascomycota,Pleosporales,Pleosporales,940_Pleospora_herbarum,OTU332,
EUSF01857,Ascomycota,Ascomycota,Pleosporales,Pleosporales,940_Pleospora_herbarum,OTU284,
EUSF01854,Ascomycota,Ascomycota,Pleosporales,Pleosporales,940_Pleospora_herbarum,OTU351,"OTU347,OTU348,OTU350,OTU280,OTU284,OTU283,OTU332,OTU328,OTU329,OTU249,OTU250,OTU309,OTU310,OTU252,OTU251,54_Bipolaris_maydis,940_Pleospora_herbarum,OTU540,OTU327,OTU541,OTU330,OTU976,OTU385,OTU1003,OTU73,OTU109,OTU139,OTU141,OTU213"
EUSF01855,Ascomycota,Ascomycota,Lecanorales,Lecanorales,84_Physcia_aipolia,OTU675,"OTU668,OTU670,OTU703,OTU704,OTU692,OTU687,OTU706,OTU702,OTU635,OTU636,OTU661,OTU868,OTU850,OTU999,OTU660,OTU684,OTU669,OTU98,OTU869,OTU974,OTU1008,84_Physcia_aipolia,659_Rhinocladiella_anceps,56_Geoglossum_nigritum"
EUSF01852,Ascomycota,Ascomycota,Capnodiales,Capnodiales,939_Capnodium_coffeae,OTU1002,
EUSF01853,Ascomycota,Ascomycota,Lecanorales,Lecanorales,84_Physcia_aipolia,OTU684,
EUSF01919,Ascomycota,Ascomycota,Eurotiales,Eurotiales,1079_Aspergillus_fumigatus,OTU689,
EUSF01918,Ascomycota,Ascomycota,Eurotiales,Eurotiales,1079_Aspergillus_fumigatus,OTU690,
EUSF01916,Ascomycota,Ascomycota,Eurotiales,Eurotiales,1079_Aspergillus_fumigatus,OTU691,
EUSF01915,Ascomycota,Ascomycota,Lecanorales,Lecanorales,84_Physcia_aipolia,OTU668,
EUSF01914,Ascomycota,Ascomycota,Lecanorales,Lecanorales,84_Physcia_aipolia,OTU669,
EUSF01913,Ascomycota,Ascomycota,Lecanorales,Lecanorales,84_Physcia_aipolia,OTU868,
EUSF01912,Ascomycota,Ascomycota,Lecanorales,Lecanorales,84_Physcia_aipolia,OTU869,
EUSF01858,Ascomycota,Ascomycota,Pleosporales,Pleosporales,940_Pleospora_herbarum,OTU252,
EUSF01859,Ascomycota,Ascomycota,Pleosporales,Pleosporales,940_Pleospora_herbarum,OTU73,
EUSF01272,Ascomycota,Ascomycota,Acarosporales,Acarosporales,1007_Acarospora_laqueata,OTU614,
EUSF00994,Ascomycota,Ascomycota,Xylariales,Xylariales,51_Xylaria_hypoxylon,OTU298,
EUSF00995,Ascomycota,Ascomycota,Xylariales,Xylariales,63_Xylaria_acuta,OTU341,
EUSF00996,Ascomycota,Ascomycota,Xylariales,Xylariales,"63_Xylaria_acuta,51_Xylaria_hypoxylon",OTU433,
EUSF00997,Ascomycota,Ascomycota,Xylariales,Xylariales,"63_Xylaria_acuta,51_Xylaria_hypoxylon",OTU996,
EUSF00990,Ascomycota,Ascomycota,Xylariales,Xylariales,"63_Xylaria_acuta,51_Xylaria_hypoxylon",OTU99,
EUSF00991,Ascomycota,Ascomycota,Pezizales,Pezizales,50_Sarcoscypha_coccinea,OTU124,
EUSF00992,Ascomycota,Ascomycota,Xylariales,Xylariales,51_Xylaria_hypoxylon,OTU300,
EUSF00993,Ascomycota,Ascomycota,Xylariales,Xylariales,51_Xylaria_hypoxylon,OTU299,
EUSF00854,Ascomycota,Ascomycota,Helotiales,Helotiales,49_Lachnum_virgineum,OTU929,
EUSF00857,Ascomycota,Ascomycota,Helotiales,Helotiales,49_Lachnum_virgineum,OTU890,
EUSF00856,Ascomycota,Ascomycota,Eurotiales,Eurotiales,1079_Aspergillus_fumigatus,OTU398,
EUSF00998,Ascomycota,Ascomycota,Xylariales,Xylariales,"63_Xylaria_acuta,51_Xylaria_hypoxylon",OTU269,
EUSF00999,Ascomycota,Ascomycota,Xylariales,Xylariales,"63_Xylaria_acuta,51_Xylaria_hypoxylon",OTU149,
EUSF00853,Ascomycota,Ascomycota,Helotiales,Helotiales,49_Lachnum_virgineum,OTU825,
EUSF00852,Ascomycota,Ascomycota,Helotiales,Helotiales,59_Botrytis_cinerea,OTU738,
EUSF00554,Ascomycota,Ascomycota,Helotiales,Helotiales,59_Botrytis_cinerea,OTU790,
EUSF00968,Ascomycota,Ascomycota,Helotiales,Helotiales,59_Botrytis_cinerea,OTU698,
EUSF01033,Ascomycota,Ascomycota,Helotiales,Helotiales,59_Botrytis_cinerea,OTU817,
EUSF00542,Ascomycota,Ascomycota,Pleosporales,Pleosporales,940_Pleospora_herbarum,OTU485,
EUSF00541,Ascomycota,Ascomycota,Pleosporales,Pleosporales,940_Pleospora_herbarum,OTU568,
EUSF00540,Ascomycota,Ascomycota,Pleosporales,Pleosporales,940_Pleospora_herbarum,OTU410,"OTU391,OTU390,OTU568,OTU567,OTU380,OTU370,OTU440,OTU438,OTU491,OTU496,OTU558,OTU552,OTU652,OTU379,OTU645,OTU874,OTU676,OTU686,OTU644,OTU633,OTU533,OTU494,OTU428,OTU373,OTU480,OTU402,OTU335,OTU157,OTU343,OTU426,OTU539,OTU352,OTU374,OTU485,OTU510,OTU403,OTU572,OTU371,OTU239,OTU599,OTU641"
EUSF00547,Ascomycota,Ascomycota,Acarosporales,Acarosporales,1007_Acarospora_laqueata,OTU632,
EUSF00546,Ascomycota,Ascomycota,Pezizales,Pezizales,"71_Peziza_proteana_f_sparassoides,507_Peziza_vesiculosa",OTU60,
EUSF00545,Ascomycota,Ascomycota,Pleosporales,Pleosporales,940_Pleospora_herbarum,OTU426,
EUSF00544,Ascomycota,Ascomycota,Pleosporales,Pleosporales,940_Pleospora_herbarum,OTU633,
EUSF00549,Ascomycota,Ascomycota,Helotiales,Helotiales,59_Botrytis_cinerea,OTU792,
EUSF00755,Ascomycota,Ascomycota,Helotiales,Helotiales,49_Lachnum_virgineum,OTU908,
EUSF00885,Ascomycota,Ascomycota,Helotiales,Helotiales,49_Lachnum_virgineum,OTU879,
EUSF01144,Ascomycota,Ascomycota,Eurotiales,Eurotiales,1079_Aspergillus_fumigatus,OTU470,
EUSF01633,Ascomycota,Ascomycota,Pezizales,Pezizales,"71_Peziza_proteana_f_sparassoides,507_Peziza_vesiculosa",OTU58,
EUSF01146,Ascomycota,Ascomycota,Xylariales,Xylariales,"63_Xylaria_acuta,51_Xylaria_hypoxylon",OTU337,
EUSF00728,Ascomycota,Ascomycota,Diaporthales,Diaporthales,935_Diaporthe_eres,OTU404,
EUSF01229,Ascomycota,Ascomycota,Eurotiales,Eurotiales,1079_Aspergillus_fumigatus,OTU254,
EUSF01228,Ascomycota,Ascomycota,Pleosporales,Pleosporales,940_Pleospora_herbarum,OTU440,
EUSF01225,Ascomycota,Ascomycota,Pleosporales,Pleosporales,940_Pleospora_herbarum,OTU641,
EUSF00722,Ascomycota,Ascomycota,Pleosporales,Pleosporales,940_Pleospora_herbarum,OTU380,
EUSF00721,Ascomycota,Ascomycota,Diaporthales,Diaporthales,935_Diaporthe_eres,OTU208,
EUSF00720,Ascomycota,Ascomycota,Pleosporales,Pleosporales,940_Pleospora_herbarum,OTU645,
EUSF00727,Ascomycota,Ascomycota,Diaporthales,Diaporthales,935_Diaporthe_eres,OTU140,
EUSF00726,Ascomycota,Ascomycota,Xylariales,Xylariales,"63_Xylaria_acuta,51_Xylaria_hypoxylon",OTU24,
EUSF01223,Ascomycota,Ascomycota,Sordariomycetes incertae sedis,Sordariomycetes incertae sedis,1081_Magnaporthe_grisea,OTU525,"OTU559,OTU446,OTU544,OTU535,OTU549,OTU587"
EUSF01222,Ascomycota,Ascomycota,Pleosporales,Pleosporales,940_Pleospora_herbarum,OTU391,
EUSF00640,Ascomycota,Ascomycota,Xylariales,Xylariales,"63_Xylaria_acuta,51_Xylaria_hypoxylon",OTU11,
EUSF00641,Ascomycota,Ascomycota,Sordariomycetes incertae sedis,Sordariomycetes incertae sedis,1081_Magnaporthe_grisea,OTU548,"OTU601,OTU627,OTU638,OTU532"
EUSF00642,Ascomycota,Ascomycota,Pezizales,Pezizales,"71_Peziza_proteana_f_sparassoides,507_Peziza_vesiculosa",OTU79,
EUSF00643,Ascomycota,Ascomycota,Xylariales,Xylariales,"63_Xylaria_acuta,51_Xylaria_hypoxylon",OTU166,
EUSF00644,Ascomycota,Ascomycota,Xylariales,Xylariales,"63_Xylaria_acuta,51_Xylaria_hypoxylon",OTU165,
EUSF00645,Ascomycota,Ascomycota,Xylariales,Xylariales,51_Xylaria_hypoxylon,OTU197,
EUSF00646,Ascomycota,Ascomycota,Xylariales,Xylariales,"63_Xylaria_acuta,51_Xylaria_hypoxylon",OTU164,
EUSF00647,Ascomycota,Ascomycota,Eurotiales,Eurotiales,1079_Aspergillus_fumigatus,OTU344,
EUSF00648,Ascomycota,Ascomycota,Xylariales,Xylariales,"63_Xylaria_acuta,51_Xylaria_hypoxylon",OTU26,
EUSF00649,Ascomycota,Ascomycota,Xylariales,Xylariales,"63_Xylaria_acuta,51_Xylaria_hypoxylon",OTU234,"OTU216,OTU316,OTU315,OTU357,OTU353,OTU551,OTU427,OTU106,OTU219,OTU312"
EUSF01161,Ascomycota,Ascomycota,Eurotiales,Eurotiales,1079_Aspergillus_fumigatus,OTU392,
EUSF00705,Ascomycota,Ascomycota,Acarosporales,Acarosporales,1007_Acarospora_laqueata,OTU546,
EUSF01246,Ascomycota,Ascomycota,Acarosporales,Acarosporales,1007_Acarospora_laqueata,OTU556,
EUSF00950,Ascomycota,Ascomycota,Acarosporales,Acarosporales,1007_Acarospora_laqueata,OTU530,
EUSF01245,Ascomycota,Ascomycota,Acarosporales,Acarosporales,1007_Acarospora_laqueata,OTU495,
EUSF00669,Ascomycota,Ascomycota,Eurotiales,Eurotiales,1079_Aspergillus_fumigatus,OTU272,
EUSF01708,Ascomycota,Ascomycota,Sordariomycetes incertae sedis,Sordariomycetes incertae sedis,1081_Magnaporthe_grisea,OTU285,OTU260
EUSF00799,Ascomycota,Ascomycota,Helotiales,Helotiales,49_Lachnum_virgineum,OTU979,
EUSF00796,Ascomycota,Ascomycota,Xylariales,Xylariales,"63_Xylaria_acuta,51_Xylaria_hypoxylon",OTU400,
EUSF01707,Ascomycota,Ascomycota,Xylariales,Xylariales,"63_Xylaria_acuta,51_Xylaria_hypoxylon",OTU286,
EUSF01704,Ascomycota,Ascomycota,Helotiales,Helotiales,59_Botrytis_cinerea,OTU719,
EUSF01705,Ascomycota,Ascomycota,Acarosporales,Acarosporales,1007_Acarospora_laqueata,OTU369,
EUSF01702,Ascomycota,Ascomycota,Pezizales,Pezizales,507_Peziza_vesiculosa,OTU81,
EUSF00793,Ascomycota,Ascomycota,Capnodiales,Capnodiales,939_Capnodium_coffeae,OTU6,
EUSF00790,Ascomycota,Ascomycota,Diaporthales,Diaporthales,935_Diaporthe_eres,OTU401,
EUSF01242,Ascomycota,Ascomycota,Diaporthales,Diaporthales,935_Diaporthe_eres,OTU336,
EUSF01038,Ascomycota,Ascomycota,Sordariomycetes incertae sedis,Sordariomycetes incertae sedis,1081_Magnaporthe_grisea,OTU714,
EUSF01039,Ascomycota,Ascomycota,Xylariales,Xylariales,63_Xylaria_acuta,OTU325,
EUSF01241,Ascomycota,Ascomycota,Pleosporales,Pleosporales,940_Pleospora_herbarum,OTU390,
EUSF01276,Ascomycota,Ascomycota,Acarosporales,Acarosporales,1007_Acarospora_laqueata,OTU595,
EUSF01030,Ascomycota,Ascomycota,Acarosporales,Acarosporales,1007_Acarospora_laqueata,OTU476,
EUSF01031,Ascomycota,Ascomycota,Helotiales,Helotiales,59_Botrytis_cinerea,OTU818,
EUSF01032,Ascomycota,Ascomycota,Acarosporales,Acarosporales,1007_Acarospora_laqueata,OTU642,
EUSF00702,Ascomycota,Ascomycota,Xylariales,Xylariales,63_Xylaria_acuta,OTU232,
EUSF01034,Ascomycota,Ascomycota,Helotiales,Helotiales,49_Lachnum_virgineum,OTU946,
EUSF01036,Ascomycota,Ascomycota,Pleosporales,Pleosporales,940_Pleospora_herbarum,OTU599,
EUSF01037,Ascomycota,Ascomycota,Helotiales,Helotiales,59_Botrytis_cinerea,OTU750,
EUSF01526,Ascomycota,Ascomycota,Pezizales,Pezizales,148_Cheilymenia_stercorea,OTU144,
EUSF01527,Ascomycota,Ascomycota,Xylariales,Xylariales,51_Xylaria_hypoxylon,OTU171,
EUSF01133,Ascomycota,Ascomycota,Sordariomycetes incertae sedis,Sordariomycetes incertae sedis,1081_Magnaporthe_grisea,OTU319,
EUSF01525,Ascomycota,Ascomycota,Xylariales,Xylariales,51_Xylaria_hypoxylon,OTU430,
EUSF01522,Ascomycota,Ascomycota,Pleosporales,Pleosporales,940_Pleospora_herbarum,OTU371,
EUSF01520,Ascomycota,Ascomycota,Acarosporales,Acarosporales,1007_Acarospora_laqueata,OTU453,
EUSF01521,Ascomycota,Ascomycota,Pleosporales,Pleosporales,940_Pleospora_herbarum,OTU572,
EUSF01687,Ascomycota,Ascomycota,Xylariales,Xylariales,51_Xylaria_hypoxylon,OTU89,
EUSF01686,Ascomycota,Ascomycota,Xylariales,Xylariales,"63_Xylaria_acuta,51_Xylaria_hypoxylon",OTU311,
EUSF01685,Ascomycota,Ascomycota,Pleosporales,Pleosporales,940_Pleospora_herbarum,OTU686,
EUSF01684,Ascomycota,Ascomycota,Helotiales,Helotiales,59_Botrytis_cinerea,OTU922,
EUSF01528,Ascomycota,Ascomycota,Sordariomycetes incertae sedis,Sordariomycetes incertae sedis,1081_Magnaporthe_grisea,OTU662,
EUSF01680,Ascomycota,Ascomycota,Acarosporales,Acarosporales,1007_Acarospora_laqueata,OTU570,
EUSF00899,Ascomycota,Ascomycota,Pezizales,Pezizales,148_Cheilymenia_stercorea,OTU184,"OTU122,OTU144,OTU112"
EUSF00951,Ascomycota,Ascomycota,Diaporthales,Diaporthales,935_Diaporthe_eres,OTU111,
EUSF01700,Ascomycota,Ascomycota,Eurotiales,Eurotiales,1079_Aspergillus_fumigatus,OTU413,
EUSF01600,Ascomycota,Ascomycota,Helotiales,Helotiales,59_Botrytis_cinerea,OTU814,
EUSF01591,Ascomycota,Ascomycota,Helotiales,Helotiales,59_Botrytis_cinerea,OTU852,OTU743
EUSF00708,Ascomycota,Ascomycota,Xylariales,Xylariales,51_Xylaria_hypoxylon,OTU158,
EUSF00734,Ascomycota,Ascomycota,Helotiales,Helotiales,49_Lachnum_virgineum,OTU953,
EUSF00664,Ascomycota,Ascomycota,Pezizales,Pezizales,50_Sarcoscypha_coccinea,OTU56,
EUSF00972,Ascomycota,Ascomycota,Acarosporales,Acarosporales,1007_Acarospora_laqueata,OTU420,
EUSF00973,Ascomycota,Ascomycota,Xylariales,Xylariales,51_Xylaria_hypoxylon,OTU108,
EUSF00970,Ascomycota,Ascomycota,Xylariales,Xylariales,51_Xylaria_hypoxylon,OTU173,
EUSF00971,Ascomycota,Ascomycota,Pleosporales,Pleosporales,1037_Westerdykella_cylindrica,OTU628,
EUSF00976,Ascomycota,Ascomycota,Xylariales,Xylariales,"63_Xylaria_acuta,51_Xylaria_hypoxylon",OTU103,
EUSF00736,Ascomycota,Ascomycota,Helotiales,Helotiales,49_Lachnum_virgineum,OTU952,
EUSF00974,Ascomycota,Ascomycota,Xylariales,Xylariales,51_Xylaria_hypoxylon,OTU960,
EUSF00975,Ascomycota,Ascomycota,Acarosporales,Acarosporales,1007_Acarospora_laqueata,OTU377,
EUSF00737,Ascomycota,Ascomycota,Helotiales,Helotiales,49_Lachnum_virgineum,OTU951,
EUSF01595,Ascomycota,Ascomycota,Helotiales,Helotiales,49_Lachnum_virgineum,OTU970,
EUSF00730,Ascomycota,Ascomycota,Eurotiales,Eurotiales,1079_Aspergillus_fumigatus,OTU367,
EUSF01594,Ascomycota,Ascomycota,Helotiales,Helotiales,59_Botrytis_cinerea,OTU754,
EUSF00731,Ascomycota,Ascomycota,Helotiales,Helotiales,49_Lachnum_virgineum,OTU954,
EUSF01355,Ascomycota,Ascomycota,Xylariales,Xylariales,"63_Xylaria_acuta,51_Xylaria_hypoxylon",OTU237,
EUSF01354,Ascomycota,Ascomycota,Acarosporales,Acarosporales,1007_Acarospora_laqueata,OTU609,
EUSF01153,Ascomycota,Ascomycota,Helotiales,Helotiales,59_Botrytis_cinerea,OTU768,
EUSF01459,Ascomycota,Ascomycota,Helotiales,Helotiales,49_Lachnum_virgineum,OTU873,
EUSF01351,Ascomycota,Ascomycota,Xylariales,Xylariales,51_Xylaria_hypoxylon,OTU172,
EUSF01350,Ascomycota,Ascomycota,Acarosporales,Acarosporales,1007_Acarospora_laqueata,OTU594,
EUSF00865,Ascomycota,Ascomycota,Helotiales,Helotiales,49_Lachnum_virgineum,OTU885,
EUSF00959,Ascomycota,Ascomycota,Xylariales,Xylariales,51_Xylaria_hypoxylon,OTU936,
EUSF01452,Ascomycota,Ascomycota,Helotiales,Helotiales,49_Lachnum_virgineum,OTU928,
EUSF01450,Ascomycota,Ascomycota,Pezizales,Pezizales,62_Scutellinia_scutellata,OTU116,
EUSF00733,Ascomycota,Ascomycota,Diaporthales,Diaporthales,935_Diaporthe_eres,OTU665,
EUSF01456,Ascomycota,Ascomycota,Pleosporales,Pleosporales,283_Pyrenophora_phaeocomes,OTU431,283_Pyrenophora_phaeocomes
EUSF01599,Ascomycota,Ascomycota,Helotiales,Helotiales,49_Lachnum_virgineum,OTU958,
EUSF01449,Ascomycota,Ascomycota,Acarosporales,Acarosporales,1007_Acarospora_laqueata,OTU574,
EUSF01959,Ascomycota,Ascomycota,Pleosporales,Pleosporales,940_Pleospora_herbarum,OTU1003,
EUSF01958,Ascomycota,Ascomycota,Pleosporales,Pleosporales,940_Pleospora_herbarum,OTU141,
EUSF01953,Ascomycota,Ascomycota,Lecanorales,Lecanorales,84_Physcia_aipolia,OTU66,
EUSF01952,Ascomycota,Ascomycota,Pleosporales,Pleosporales,940_Pleospora_herbarum,OTU328,
EUSF01951,Ascomycota,Ascomycota,Eurotiales,Eurotiales,1079_Aspergillus_fumigatus,OTU282,
EUSF01950,Ascomycota,Ascomycota,Eurotiales,Eurotiales,1079_Aspergillus_fumigatus,OTU384,
EUSF01957,Ascomycota,Ascomycota,Pleosporales,Pleosporales,940_Pleospora_herbarum,OTU347,
EUSF01956,Ascomycota,Ascomycota,Eurotiales,Eurotiales,1079_Aspergillus_fumigatus,OTU550,OTU334
EUSF01955,Ascomycota,Ascomycota,Lecanorales,Lecanorales,84_Physcia_aipolia,OTU635,
EUSF01954,Ascomycota,Ascomycota,Eurotiales,Eurotiales,1079_Aspergillus_fumigatus,OTU1005,
EUSF01616,Ascomycota,Ascomycota,Pezizales,Pezizales,"71_Peziza_proteana_f_sparassoides,507_Peziza_vesiculosa",OTU48,"OTU49,OTU58,OTU54,OTU55,OTU53,OTU52,OTU51,OTU67,71_Peziza_proteana_f_sparassoides,507_Peziza_vesiculosa"
EUSF00896,Ascomycota,Ascomycota,Pleosporales,Pleosporales,940_Pleospora_herbarum,OTU270,
EUSF01326,Ascomycota,Ascomycota,Acarosporales,Acarosporales,1007_Acarospora_laqueata,OTU663,
EUSF00898,Ascomycota,Ascomycota,Pezizales,Pezizales,507_Peziza_vesiculosa,OTU88,
EUSF01328,Ascomycota,Ascomycota,Acarosporales,Acarosporales,1007_Acarospora_laqueata,OTU514,
EUSF01329,Ascomycota,Ascomycota,Helotiales,Helotiales,59_Botrytis_cinerea,OTU854,
EUSF01086,Ascomycota,Ascomycota,Acarosporales,Acarosporales,1007_Acarospora_laqueata,OTU598,
EUSF00743,Ascomycota,Ascomycota,Helotiales,Helotiales,49_Lachnum_virgineum,OTU982,
EUSF00608,Ascomycota,Ascomycota,Sordariomycetes incertae sedis,Sordariomycetes incertae sedis,1081_Magnaporthe_grisea,OTU618,"OTU662,OTU714"
EUSF00604,Ascomycota,Ascomycota,Xylariales,Xylariales,"63_Xylaria_acuta,51_Xylaria_hypoxylon",OTU235,
EUSF00605,Ascomycota,Ascomycota,Pezizales,Pezizales,148_Cheilymenia_stercorea,OTU563,"OTU434,65_Aleuria_aurantia"
EUSF00606,Ascomycota,Ascomycota,Eurotiales,Eurotiales,1079_Aspergillus_fumigatus,OTU278,
EUSF00607,Ascomycota,Ascomycota,Xylariales,Xylariales,51_Xylaria_hypoxylon,OTU277,
EUSF00600,Ascomycota,Ascomycota,Xylariales,Xylariales,63_Xylaria_acuta,OTU346,
EUSF00601,Ascomycota,Ascomycota,Xylariales,Xylariales,"63_Xylaria_acuta,51_Xylaria_hypoxylon",OTU34,
EUSF00602,Ascomycota,Ascomycota,Xylariales,Xylariales,"63_Xylaria_acuta,51_Xylaria_hypoxylon",OTU37,
EUSF00603,Ascomycota,Ascomycota,Xylariales,Xylariales,51_Xylaria_hypoxylon,OTU202,
EUSF01882,Ascomycota,Ascomycota,Eurotiales,Eurotiales,1079_Aspergillus_fumigatus,OTU331,
EUSF00802,Ascomycota,Ascomycota,Helotiales,Helotiales,49_Lachnum_virgineum,OTU865,
EUSF00803,Ascomycota,Ascomycota,Diaporthales,Diaporthales,935_Diaporthe_eres,OTU207,
EUSF00800,Ascomycota,Ascomycota,Helotiales,Helotiales,49_Lachnum_virgineum,OTU985,
EUSF00801,Ascomycota,Ascomycota,Diaporthales,Diaporthales,935_Diaporthe_eres,OTU190,
EUSF00806,Ascomycota,Ascomycota,Helotiales,Helotiales,49_Lachnum_virgineum,OTU903,
EUSF00807,Ascomycota,Ascomycota,Helotiales,Helotiales,49_Lachnum_virgineum,OTU902,
EUSF00804,Ascomycota,Ascomycota,Helotiales,Helotiales,49_Lachnum_virgineum,OTU904,
EUSF00805,Ascomycota,Ascomycota,Pleosporales,Pleosporales,940_Pleospora_herbarum,OTU533,
EUSF00851,Ascomycota,Ascomycota,Helotiales,Helotiales,49_Lachnum_virgineum,OTU846,"OTU847,657_Capronia_pilosella,668_Exophiala_dermatitidis,669_Exophiala_pisciphila,684_Agonimia_cf_repleta"
EUSF00809,Ascomycota,Ascomycota,Sordariomycetes incertae sedis,Sordariomycetes incertae sedis,1081_Magnaporthe_grisea,OTU399,
EUSF00693,Ascomycota,Ascomycota,Diaporthales,Diaporthales,935_Diaporthe_eres,OTU133,
EUSF00692,Ascomycota,Ascomycota,Diaporthales,Diaporthales,935_Diaporthe_eres,OTU134,
EUSF00691,Ascomycota,Ascomycota,Helotiales,Helotiales,49_Lachnum_virgineum,OTU968,
EUSF00690,Ascomycota,Ascomycota,Xylariales,Xylariales,"63_Xylaria_acuta,51_Xylaria_hypoxylon",OTU233,
EUSF00697,Ascomycota,Ascomycota,Xylariales,Xylariales,"63_Xylaria_acuta,51_Xylaria_hypoxylon",OTU160,
EUSF00696,Ascomycota,Ascomycota,Xylariales,Xylariales,51_Xylaria_hypoxylon,OTU407,
EUSF00695,Ascomycota,Ascomycota,Diaporthales,Diaporthales,935_Diaporthe_eres,OTU307,
EUSF00694,Ascomycota,Ascomycota,Helotiales,Helotiales,49_Lachnum_virgineum,OTU912,
EUSF00513,Ascomycota,Ascomycota,Diaporthales,Diaporthales,935_Diaporthe_eres,OTU449,
EUSF00514,Ascomycota,Ascomycota,Helotiales,Helotiales,49_Lachnum_virgineum,OTU921,
EUSF00515,Ascomycota,Ascomycota,Acarosporales,Acarosporales,1007_Acarospora_laqueata,OTU486,
EUSF00517,Ascomycota,Ascomycota,Acarosporales,Acarosporales,1007_Acarospora_laqueata,OTU606,
EUSF01074,Ascomycota,Ascomycota,Xylariales,Xylariales,"63_Xylaria_acuta,51_Xylaria_hypoxylon",OTU257,
EUSF01075,Ascomycota,Ascomycota,Xylariales,Xylariales,63_Xylaria_acuta,OTU339,
EUSF01076,Ascomycota,Ascomycota,Xylariales,Xylariales,"63_Xylaria_acuta,51_Xylaria_hypoxylon",OTU42,
EUSF01077,Ascomycota,Ascomycota,Sordariomycetes incertae sedis,Sordariomycetes incertae sedis,1081_Magnaporthe_grisea,OTU695,
EUSF01179,Ascomycota,Ascomycota,Eurotiales,Eurotiales,1079_Aspergillus_fumigatus,OTU597,
EUSF01178,Ascomycota,Ascomycota,Eurotiales,Eurotiales,1079_Aspergillus_fumigatus,OTU586,
EUSF01072,Ascomycota,Ascomycota,Helotiales,Helotiales,49_Lachnum_virgineum,OTU944,
EUSF01073,Ascomycota,Ascomycota,Xylariales,Xylariales,"63_Xylaria_acuta,51_Xylaria_hypoxylon",OTU322,
EUSF00850,Ascomycota,Ascomycota,Helotiales,Helotiales,49_Lachnum_virgineum,OTU891,
EUSF01177,Ascomycota,Ascomycota,Eurotiales,Eurotiales,1079_Aspergillus_fumigatus,OTU498,
EUSF01176,Ascomycota,Ascomycota,Eurotiales,Eurotiales,1079_Aspergillus_fumigatus,OTU466,
EUSF01171,Ascomycota,Ascomycota,Xylariales,Xylariales,63_Xylaria_acuta,OTU220,
EUSF01429,Ascomycota,Ascomycota,Pezizales,Pezizales,"71_Peziza_proteana_f_sparassoides,507_Peziza_vesiculosa",OTU67,
EUSF01173,Ascomycota,Ascomycota,Eurotiales,Eurotiales,1079_Aspergillus_fumigatus,OTU467,
EUSF01172,Ascomycota,Ascomycota,Eurotiales,Eurotiales,1079_Aspergillus_fumigatus,OTU468,
EUSF00679,Ascomycota,Ascomycota,Acarosporales,Acarosporales,1007_Acarospora_laqueata,OTU408,
EUSF00678,Ascomycota,Ascomycota,Diaporthales,Diaporthales,935_Diaporthe_eres,OTU137,
EUSF01270,Ascomycota,Ascomycota,Acarosporales,Acarosporales,1007_Acarospora_laqueata,OTU517,
EUSF01271,Ascomycota,Ascomycota,Acarosporales,Acarosporales,1007_Acarospora_laqueata,OTU493,
EUSF00774,Ascomycota,Ascomycota,Xylariales,Xylariales,"63_Xylaria_acuta,51_Xylaria_hypoxylon",OTU366,
EUSF00775,Ascomycota,Ascomycota,Helotiales,Helotiales,49_Lachnum_virgineum,OTU998,
EUSF01274,Ascomycota,Ascomycota,Acarosporales,Acarosporales,1007_Acarospora_laqueata,OTU457,
EUSF00777,Ascomycota,Ascomycota,Helotiales,Helotiales,49_Lachnum_virgineum,OTU986,
EUSF00778,Ascomycota,Ascomycota,Helotiales,Helotiales,49_Lachnum_virgineum,OTU997,
EUSF00670,Ascomycota,Ascomycota,Diaporthales,Diaporthales,935_Diaporthe_eres,OTU138,
EUSF00673,Ascomycota,Ascomycota,Diaporthales,Diaporthales,935_Diaporthe_eres,OTU381,
EUSF00672,Ascomycota,Ascomycota,Acarosporales,Acarosporales,1007_Acarospora_laqueata,OTU409,
EUSF00675,Ascomycota,Ascomycota,Xylariales,Xylariales,51_Xylaria_hypoxylon,OTU194,
EUSF00674,Ascomycota,Ascomycota,Diaporthales,Diaporthales,935_Diaporthe_eres,OTU162,
EUSF00677,Ascomycota,Ascomycota,Eurotiales,Eurotiales,1079_Aspergillus_fumigatus,OTU435,
EUSF00676,Ascomycota,Ascomycota,Sordariales,Sordariales,217_Chaetomium_globosum,OTU115,
EUSF00936,Ascomycota,Ascomycota,Xylariales,Xylariales,51_Xylaria_hypoxylon,OTU179,
EUSF00937,Ascomycota,Ascomycota,Pleosporales,Pleosporales,940_Pleospora_herbarum,OTU845,
EUSF00934,Ascomycota,Ascomycota,Diaporthales,Diaporthales,935_Diaporthe_eres,OTU97,
EUSF00935,Ascomycota,Ascomycota,Pezizales,Pezizales,62_Scutellinia_scutellata,OTU120,
EUSF00932,Ascomycota,Ascomycota,Xylariales,Xylariales,51_Xylaria_hypoxylon,OTU180,
EUSF00933,Ascomycota,Ascomycota,Dothideales,"Dothideales,Capnodiales","274_Dothidea_sambuci,921_Dothidea_insculpta,939_Capnodium_coffeae",OTU15,"OTU14,OTU39,OTU30,OTU29,OTU7,OTU9,OTU16,OTU31,OTU44,OTU36"
EUSF01678,Ascomycota,Ascomycota,Pleosporales,Pleosporales,940_Pleospora_herbarum,OTU676,
EUSF00931,Ascomycota,Ascomycota,Pezizales,Pezizales,148_Cheilymenia_stercorea,OTU112,
EUSF00938,Ascomycota,Ascomycota,Diaporthales,Diaporthales,935_Diaporthe_eres,OTU857,
EUSF00939,Ascomycota,Ascomycota,Xylariales,Xylariales,51_Xylaria_hypoxylon,OTU178,
EUSF01395,Ascomycota,Ascomycota,Helotiales,Helotiales,59_Botrytis_cinerea,OTU803,
EUSF01394,Ascomycota,Ascomycota,Helotiales,Helotiales,59_Botrytis_cinerea,OTU828,
EUSF01396,Ascomycota,Ascomycota,Pleosporales,Pleosporales,940_Pleospora_herbarum,OTU491,
EUSF01001,Ascomycota,Ascomycota,Xylariales,Xylariales,"63_Xylaria_acuta,51_Xylaria_hypoxylon",OTU267,
EUSF01000,Ascomycota,Ascomycota,Xylariales,Xylariales,"63_Xylaria_acuta,51_Xylaria_hypoxylon",OTU268,
EUSF01003,Ascomycota,Ascomycota,Xylariales,Xylariales,"63_Xylaria_acuta,51_Xylaria_hypoxylon",OTU243,
EUSF01002,Ascomycota,Ascomycota,Sordariomycetes incertae sedis,Sordariomycetes incertae sedis,1081_Magnaporthe_grisea,OTU696,
EUSF01005,Ascomycota,Ascomycota,Helotiales,Helotiales,64_Trichoglossum_hirsutum,OTU5,179_Disciotis_venosa
EUSF01004,Ascomycota,Ascomycota,Xylariales,Xylariales,"63_Xylaria_acuta,51_Xylaria_hypoxylon",OTU432,
EUSF01007,Ascomycota,Ascomycota,Pleosporales,Pleosporales,1037_Westerdykella_cylindrica,OTU947,1037_Westerdykella_cylindrica
EUSF01006,Ascomycota,Ascomycota,Xylariales,Xylariales,"63_Xylaria_acuta,51_Xylaria_hypoxylon",OTU361,
EUSF01009,Ascomycota,Ascomycota,Xylariales,Xylariales,"63_Xylaria_acuta,51_Xylaria_hypoxylon",OTU965,
EUSF01008,Ascomycota,Ascomycota,Xylariales,Xylariales,51_Xylaria_hypoxylon,OTU297,
EUSF00891,Ascomycota,Ascomycota,Helotiales,Helotiales,59_Botrytis_cinerea,OTU787,
EUSF01419,Ascomycota,Ascomycota,Pezizales,Pezizales,"71_Peziza_proteana_f_sparassoides,507_Peziza_vesiculosa",OTU51,
EUSF01517,Ascomycota,Ascomycota,Helotiales,Helotiales,59_Botrytis_cinerea,OTU927,
EUSF01540,Ascomycota,Ascomycota,Xylariales,Xylariales,"63_Xylaria_acuta,51_Xylaria_hypoxylon",OTU316,
EUSF01013,Ascomycota,Ascomycota,Acarosporales,Acarosporales,1007_Acarospora_laqueata,OTU445,
EUSF01542,Ascomycota,Ascomycota,Xylariales,Xylariales,"63_Xylaria_acuta,51_Xylaria_hypoxylon",OTU35,
EUSF01543,Ascomycota,Ascomycota,Xylariales,Xylariales,"63_Xylaria_acuta,51_Xylaria_hypoxylon",OTU551,
EUSF00859,Ascomycota,Ascomycota,Xylariales,Xylariales,63_Xylaria_acuta,OTU229,
EUSF00808,Ascomycota,Ascomycota,Helotiales,Helotiales,59_Botrytis_cinerea,OTU739,
EUSF01545,Ascomycota,Ascomycota,Xylariales,Xylariales,"63_Xylaria_acuta,51_Xylaria_hypoxylon",OTU315,
EUSF01147,Ascomycota,Ascomycota,Helotiales,Helotiales,59_Botrytis_cinerea,OTU806,
EUSF01014,Ascomycota,Ascomycota,Xylariales,Xylariales,"63_Xylaria_acuta,51_Xylaria_hypoxylon",OTU266,
EUSF01547,Ascomycota,Ascomycota,Eurotiales,Eurotiales,1079_Aspergillus_fumigatus,OTU452,
EUSF01309,Ascomycota,Ascomycota,Acarosporales,Acarosporales,1007_Acarospora_laqueata,OTU577,
EUSF01136,Ascomycota,Ascomycota,Xylariales,Xylariales,63_Xylaria_acuta,OTU318,
EUSF01300,Ascomycota,Ascomycota,Acarosporales,Acarosporales,1007_Acarospora_laqueata,OTU640,
EUSF01301,Ascomycota,Ascomycota,Acarosporales,Acarosporales,1007_Acarospora_laqueata,OTU678,
EUSF01306,Ascomycota,Ascomycota,Acarosporales,Acarosporales,1007_Acarospora_laqueata,OTU354,
EUSF01307,Ascomycota,Ascomycota,Acarosporales,Acarosporales,1007_Acarospora_laqueata,OTU612,
EUSF01304,Ascomycota,Ascomycota,Helotiales,Helotiales,59_Botrytis_cinerea,OTU816,
EUSF01305,Ascomycota,Ascomycota,Helotiales,Helotiales,59_Botrytis_cinerea,OTU716,
EUSF00518,Ascomycota,Ascomycota,Acarosporales,Acarosporales,1007_Acarospora_laqueata,OTU634,
EUSF01869,Ascomycota,Ascomycota,Pleosporales,Pleosporales,940_Pleospora_herbarum,OTU541,
EUSF01868,Ascomycota,Ascomycota,Pleosporales,Pleosporales,940_Pleospora_herbarum,OTU310,
EUSF01230,Ascomycota,Ascomycota,Acarosporales,Acarosporales,1007_Acarospora_laqueata,OTU579,
EUSF01092,Ascomycota,Ascomycota,Xylariales,Xylariales,"63_Xylaria_acuta,51_Xylaria_hypoxylon",OTU19,
EUSF01862,Ascomycota,Ascomycota,Eurotiales,Eurotiales,1079_Aspergillus_fumigatus,OTU78,
EUSF01861,Ascomycota,Ascomycota,Eurotiales,Eurotiales,1079_Aspergillus_fumigatus,OTU1001,
EUSF01091,Ascomycota,Ascomycota,Xylariales,Xylariales,"63_Xylaria_acuta,51_Xylaria_hypoxylon",OTU20,
EUSF01867,Ascomycota,Ascomycota,Pleosporales,Pleosporales,940_Pleospora_herbarum,OTU251,
EUSF01097,Ascomycota,Ascomycota,Helotiales,Helotiales,59_Botrytis_cinerea,OTU784,
EUSF01865,Ascomycota,Ascomycota,Eurotiales,Eurotiales,1079_Aspergillus_fumigatus,OTU607,OTU413
EUSF01095,Ascomycota,Ascomycota,Sordariomycetes incertae sedis,Sordariomycetes incertae sedis,1081_Magnaporthe_grisea,OTU544,
EUSF01904,Ascomycota,Ascomycota,Lecanorales,Lecanorales,84_Physcia_aipolia,OTU98,
EUSF01905,Ascomycota,Ascomycota,Eurotiales,Eurotiales,1079_Aspergillus_fumigatus,OTU623,
EUSF01906,Ascomycota,Ascomycota,Lecanorales,Lecanorales,84_Physcia_aipolia,OTU692,
EUSF01908,Ascomycota,Ascomycota,Eurotiales,Eurotiales,1079_Aspergillus_fumigatus,OTU671,
EUSF01909,Ascomycota,Ascomycota,Lecanorales,Lecanorales,84_Physcia_aipolia,OTU670,
EUSF00521,Ascomycota,Ascomycota,Helotiales,Helotiales,59_Botrytis_cinerea,OTU799,
EUSF00520,Ascomycota,Ascomycota,Xylariales,Xylariales,51_Xylaria_hypoxylon,OTU204,
EUSF00523,Ascomycota,Ascomycota,Acarosporales,Acarosporales,1007_Acarospora_laqueata,OTU411,
EUSF00522,Ascomycota,Ascomycota,Xylariales,Xylariales,"63_Xylaria_acuta,51_Xylaria_hypoxylon",OTU279,
EUSF00525,Ascomycota,Ascomycota,Acarosporales,Acarosporales,1007_Acarospora_laqueata,OTU659,
EUSF00524,Ascomycota,Ascomycota,Helotiales,Helotiales,59_Botrytis_cinerea,OTU821,
EUSF00527,Ascomycota,Ascomycota,Helotiales,Helotiales,49_Lachnum_virgineum,OTU920,
EUSF00791,Ascomycota,Ascomycota,Xylariales,Xylariales,51_Xylaria_hypoxylon,OTU302,
EUSF00529,Ascomycota,Ascomycota,Helotiales,Helotiales,49_Lachnum_virgineum,OTU919,
EUSF00528,Ascomycota,Ascomycota,Eurotiales,Eurotiales,1079_Aspergillus_fumigatus,OTU248,
EUSF01283,Ascomycota,Ascomycota,Acarosporales,Acarosporales,1007_Acarospora_laqueata,OTU613,
EUSF00895,Ascomycota,Ascomycota,Helotiales,Helotiales,49_Lachnum_virgineum,OTU876,
EUSF01138,Ascomycota,Ascomycota,Helotiales,Helotiales,59_Botrytis_cinerea,OTU836,
EUSF00718,Ascomycota,Ascomycota,Dothideales,"Dothideales,Capnodiales","274_Dothidea_sambuci,921_Dothidea_insculpta,939_Capnodium_coffeae",OTU36,
EUSF00846,Ascomycota,Ascomycota,Helotiales,Helotiales,59_Botrytis_cinerea,OTU717,
EUSF00847,Ascomycota,Ascomycota,Helotiales,Helotiales,49_Lachnum_virgineum,OTU860,
EUSF00844,Ascomycota,Ascomycota,Helotiales,Helotiales,49_Lachnum_virgineum,OTU847,
EUSF00845,Ascomycota,Ascomycota,Helotiales,Helotiales,49_Lachnum_virgineum,OTU820,
EUSF00842,Ascomycota,Ascomycota,Xylariales,Xylariales,63_Xylaria_acuta,OTU230,
EUSF00843,Ascomycota,Ascomycota,Helotiales,Helotiales,49_Lachnum_virgineum,OTU892,
EUSF00840,Ascomycota,Ascomycota,Helotiales,Helotiales,49_Lachnum_virgineum,OTU861,
EUSF00841,Ascomycota,Ascomycota,Eurotiales,Eurotiales,1079_Aspergillus_fumigatus,OTU342,
EUSF00749,Ascomycota,Ascomycota,Acarosporales,Acarosporales,1007_Acarospora_laqueata,OTU505,
EUSF00698,Ascomycota,Ascomycota,Diaporthales,Diaporthales,935_Diaporthe_eres,OTU114,
EUSF01691,Ascomycota,Ascomycota,Acarosporales,Acarosporales,1007_Acarospora_laqueata,OTU436,
EUSF01120,Ascomycota,Ascomycota,Helotiales,Helotiales,59_Botrytis_cinerea,OTU773,
EUSF00738,Ascomycota,Ascomycota,Helotiales,Helotiales,49_Lachnum_virgineum,OTU992,
EUSF00828,Ascomycota,Ascomycota,Helotiales,Helotiales,49_Lachnum_virgineum,OTU897,
EUSF00555,Ascomycota,Ascomycota,Acarosporales,Acarosporales,1007_Acarospora_laqueata,OTU592,
EUSF00556,Ascomycota,Ascomycota,Pezizales,Pezizales,949_Pyronema_domesticum,OTU50,
EUSF00719,Ascomycota,Ascomycota,Acarosporales,Acarosporales,1007_Acarospora_laqueata,OTU507,
EUSF00551,Ascomycota,Ascomycota,Pleosporales,Pleosporales,940_Pleospora_herbarum,OTU539,
EUSF00552,Ascomycota,Ascomycota,Pleosporales,Pleosporales,940_Pleospora_herbarum,OTU109,
EUSF00553,Ascomycota,Ascomycota,Helotiales,Helotiales,59_Botrytis_cinerea,OTU1004,
EUSF01126,Ascomycota,Ascomycota,Xylariales,Xylariales,"63_Xylaria_acuta,51_Xylaria_hypoxylon",OTU221,
EUSF00558,Ascomycota,Ascomycota,Acarosporales,Acarosporales,1007_Acarospora_laqueata,OTU622,
EUSF00559,Ascomycota,Ascomycota,Acarosporales,Acarosporales,1007_Acarospora_laqueata,OTU484,
EUSF01605,Ascomycota,Ascomycota,Helotiales,Helotiales,59_Botrytis_cinerea,OTU745,
EUSF01604,Ascomycota,Ascomycota,Helotiales,Helotiales,59_Botrytis_cinerea,OTU813,
EUSF01603,Ascomycota,Ascomycota,Acarosporales,Acarosporales,1007_Acarospora_laqueata,OTU571,
EUSF01602,Ascomycota,Ascomycota,Pleosporales,Pleosporales,940_Pleospora_herbarum,OTU370,
EUSF01238,Ascomycota,Ascomycota,Acarosporales,Acarosporales,1007_Acarospora_laqueata,OTU524,
EUSF01239,Ascomycota,Ascomycota,Acarosporales,Acarosporales,1007_Acarospora_laqueata,OTU523,
EUSF00739,Ascomycota,Ascomycota,Helotiales,Helotiales,49_Lachnum_virgineum,OTU950,
EUSF01237,Ascomycota,Ascomycota,Acarosporales,Acarosporales,1007_Acarospora_laqueata,OTU557,
EUSF01234,Ascomycota,Ascomycota,Acarosporales,Acarosporales,1007_Acarospora_laqueata,OTU439,
EUSF01235,Ascomycota,Ascomycota,Acarosporales,Acarosporales,1007_Acarospora_laqueata,OTU460,
EUSF01232,Ascomycota,Ascomycota,Pleosporales,Pleosporales,940_Pleospora_herbarum,OTU558,
EUSF01233,Ascomycota,Ascomycota,Acarosporales,Acarosporales,1007_Acarospora_laqueata,OTU461,
EUSF00732,Ascomycota,Ascomycota,Pleosporales,Pleosporales,940_Pleospora_herbarum,OTU402,
EUSF01608,Ascomycota,Ascomycota,Pezizales,Pezizales,65_Aleuria_aurantia,OTU414,
EUSF00635,Ascomycota,Ascomycota,Xylariales,Xylariales,"63_Xylaria_acuta,51_Xylaria_hypoxylon",OTU536,
EUSF00634,Ascomycota,Ascomycota,Xylariales,Xylariales,"63_Xylaria_acuta,51_Xylaria_hypoxylon",OTU27,
EUSF00637,Ascomycota,Ascomycota,Xylariales,Xylariales,51_Xylaria_hypoxylon,OTU198,
EUSF00636,Ascomycota,Ascomycota,Xylariales,Xylariales,"63_Xylaria_acuta,51_Xylaria_hypoxylon",OTU12,
EUSF00631,Ascomycota,Ascomycota,Xylariales,Xylariales,51_Xylaria_hypoxylon,OTU273,
EUSF00630,Ascomycota,Ascomycota,Xylariales,Xylariales,"63_Xylaria_acuta,51_Xylaria_hypoxylon",OTU168,
EUSF00633,Ascomycota,Ascomycota,Xylariales,Xylariales,51_Xylaria_hypoxylon,OTU447,
EUSF00632,Ascomycota,Ascomycota,Diaporthales,Diaporthales,935_Diaporthe_eres,OTU105,
EUSF01070,Ascomycota,Ascomycota,Helotiales,Helotiales,49_Lachnum_virgineum,OTU945,
EUSF00639,Ascomycota,Ascomycota,Xylariales,Xylariales,"63_Xylaria_acuta,51_Xylaria_hypoxylon",OTU167,
EUSF00638,Ascomycota,Ascomycota,Eurotiales,Eurotiales,1079_Aspergillus_fumigatus,OTU382,
EUSF01071,Ascomycota,Ascomycota,Helotiales,Helotiales,49_Lachnum_virgineum,OTU875,
EUSF00742,Ascomycota,Ascomycota,Helotiales,Helotiales,49_Lachnum_virgineum,OTU867,
EUSF00869,Ascomycota,Ascomycota,Helotiales,Helotiales,49_Lachnum_virgineum,OTU989,
EUSF01596,Ascomycota,Ascomycota,Helotiales,Helotiales,49_Lachnum_virgineum,OTU959,
EUSF01518,Ascomycota,Ascomycota,Helotiales,"Helotiales,Rhytismatales","147_Coccomyces_dentatus,744_Potebniamyces_pyri,166_Cudoniella_clavus,1_Leotia_lubrica,49_Lachnum_virgineum,941_Dermea_acerina,151_Chlorociboria_aeruginosa,76_Mollisia_cinerea,279_Monilinia_fructicola,59_Botrytis_cinerea",OTU543,
EUSF01049,Ascomycota,Ascomycota,Sordariomycetes incertae sedis,Sordariomycetes incertae sedis,1081_Magnaporthe_grisea,OTU260,
EUSF01048,Ascomycota,Ascomycota,Xylariales,Xylariales,51_Xylaria_hypoxylon,OTU340,
EUSF01045,Ascomycota,Ascomycota,Xylariales,Xylariales,"63_Xylaria_acuta,51_Xylaria_hypoxylon",OTU359,
EUSF01044,Ascomycota,Ascomycota,Xylariales,Xylariales,"63_Xylaria_acuta,51_Xylaria_hypoxylon",OTU443,
EUSF01046,Ascomycota,Ascomycota,Xylariales,Xylariales,51_Xylaria_hypoxylon,OTU296,
EUSF01041,Ascomycota,Ascomycota,Xylariales,Xylariales,"63_Xylaria_acuta,51_Xylaria_hypoxylon",OTU148,
EUSF01043,Ascomycota,Ascomycota,Xylariales,Xylariales,51_Xylaria_hypoxylon,OTU261,
EUSF01042,Ascomycota,Ascomycota,Xylariales,Xylariales,51_Xylaria_hypoxylon,OTU262,
EUSF01690,Ascomycota,Ascomycota,Xylariales,Xylariales,51_Xylaria_hypoxylon,OTU93,
EUSF01123,Ascomycota,Ascomycota,Pezizales,Pezizales,"71_Peziza_proteana_f_sparassoides,507_Peziza_vesiculosa",OTU82,
EUSF01692,Ascomycota,Ascomycota,Acarosporales,Acarosporales,1007_Acarospora_laqueata,OTU637,
EUSF01121,Ascomycota,Ascomycota,Xylariales,Xylariales,51_Xylaria_hypoxylon,OTU1006,
EUSF01694,Ascomycota,Ascomycota,Dothideales,"Dothideales,Capnodiales","274_Dothidea_sambuci,921_Dothidea_insculpta,939_Capnodium_coffeae",OTU16,
EUSF01695,Ascomycota,Ascomycota,Pleosporales,Pleosporales,940_Pleospora_herbarum,OTU352,
EUSF01696,Ascomycota,Ascomycota,Helotiales,Helotiales,59_Botrytis_cinerea,OTU740,
EUSF01697,Ascomycota,Ascomycota,Eurotiales,Eurotiales,1079_Aspergillus_fumigatus,OTU608,
EUSF01698,Ascomycota,Ascomycota,Sordariales,Sordariales,216_Sordaria_fimicola,OTU542,
EUSF01699,Ascomycota,Ascomycota,Helotiales,"Helotiales,Rhytismatales","147_Coccomyces_dentatus,744_Potebniamyces_pyri,166_Cudoniella_clavus,1_Leotia_lubrica,49_Lachnum_virgineum,941_Dermea_acerina,151_Chlorociboria_aeruginosa,76_Mollisia_cinerea,279_Monilinia_fructicola,59_Botrytis_cinerea",OTU685,
EUSF01128,Ascomycota,Ascomycota,Xylariales,Xylariales,63_Xylaria_acuta,OTU356,
EUSF01280,Ascomycota,Ascomycota,Acarosporales,Acarosporales,1007_Acarospora_laqueata,OTU625,
EUSF00745,Ascomycota,Ascomycota,Helotiales,Helotiales,49_Lachnum_virgineum,OTU910,
EUSF01286,Ascomycota,Ascomycota,Sordariales,Sordariales,1085_Podospora_anserina,OTU418,
EUSF00747,Ascomycota,Ascomycota,Helotiales,Helotiales,49_Lachnum_virgineum,OTU948,
EUSF00746,Ascomycota,Ascomycota,Helotiales,Helotiales,49_Lachnum_virgineum,OTU909,
EUSF00770,Ascomycota,Ascomycota,Acarosporales,Acarosporales,1007_Acarospora_laqueata,OTU481,
EUSF01273,Ascomycota,Ascomycota,Pleosporales,Pleosporales,940_Pleospora_herbarum,OTU335,
EUSF00773,Ascomycota,Ascomycota,Helotiales,Helotiales,49_Lachnum_virgineum,OTU866,
EUSF00949,Ascomycota,Ascomycota,Dothideales,"Dothideales,Capnodiales","274_Dothidea_sambuci,921_Dothidea_insculpta,939_Capnodium_coffeae",OTU44,
EUSF00948,Ascomycota,Ascomycota,Dothideales,"Dothideales,Capnodiales","274_Dothidea_sambuci,921_Dothidea_insculpta,939_Capnodium_coffeae",OTU14,
EUSF00947,Ascomycota,Ascomycota,Diaporthales,Diaporthales,935_Diaporthe_eres,OTU244,
EUSF00946,Ascomycota,Ascomycota,Xylariales,Xylariales,51_Xylaria_hypoxylon,OTU176,
EUSF00945,Ascomycota,Ascomycota,Acarosporales,Acarosporales,1007_Acarospora_laqueata,OTU643,
EUSF00944,Ascomycota,Ascomycota,Umbilicariales,Umbilicariales,645_Umbilicaria_mammulata,OTU531,
EUSF00943,Ascomycota,Ascomycota,Xylariales,Xylariales,51_Xylaria_hypoxylon,OTU177,
EUSF00942,Ascomycota,Ascomycota,Acarosporales,Acarosporales,1007_Acarospora_laqueata,OTU503,
EUSF00941,Ascomycota,Ascomycota,Diaporthales,Diaporthales,935_Diaporthe_eres,OTU127,
EUSF00940,Ascomycota,Ascomycota,Xylariales,Xylariales,63_Xylaria_acuta,OTU224,
EUSF01632,Ascomycota,Ascomycota,Acarosporales,Acarosporales,1007_Acarospora_laqueata,OTU437,
EUSF00776,Ascomycota,Ascomycota,Helotiales,Helotiales,49_Lachnum_virgineum,OTU905,
EUSF01145,Ascomycota,Ascomycota,Helotiales,Helotiales,59_Botrytis_cinerea,OTU807,
EUSF00729,Ascomycota,Ascomycota,Pleosporales,Pleosporales,940_Pleospora_herbarum,OTU403,
EUSF00671,Ascomycota,Ascomycota,Helotiales,Helotiales,49_Lachnum_virgineum,OTU913,
EUSF01344,Ascomycota,Ascomycota,Acarosporales,Acarosporales,1007_Acarospora_laqueata,OTU611,
EUSF01631,Ascomycota,Ascomycota,Helotiales,Helotiales,49_Lachnum_virgineum,OTU969,
EUSF01469,Ascomycota,Ascomycota,Sordariomycetes incertae sedis,Sordariomycetes incertae sedis,1081_Magnaporthe_grisea,OTU593,
EUSF01468,Ascomycota,Ascomycota,Sordariomycetes incertae sedis,Sordariomycetes incertae sedis,1081_Magnaporthe_grisea,OTU513,
EUSF01466,Ascomycota,Ascomycota,Helotiales,Helotiales,49_Lachnum_virgineum,OTU988,
EUSF01464,Ascomycota,Ascomycota,Helotiales,Helotiales,49_Lachnum_virgineum,OTU941,
EUSF01348,Ascomycota,Ascomycota,Acarosporales,Acarosporales,1007_Acarospora_laqueata,OTU610,
EUSF01949,Ascomycota,Ascomycota,Pleosporales,Pleosporales,940_Pleospora_herbarum,OTU385,
EUSF01199,Ascomycota,Ascomycota,Helotiales,Helotiales,59_Botrytis_cinerea,OTU728,
EUSF01198,Ascomycota,Ascomycota,Helotiales,Helotiales,59_Botrytis_cinerea,OTU729,
EUSF01197,Ascomycota,Ascomycota,Xylariales,Xylariales,63_Xylaria_acuta,OTU218,
EUSF01196,Ascomycota,Ascomycota,Helotiales,Helotiales,59_Botrytis_cinerea,OTU730,
EUSF01946,Ascomycota,Ascomycota,Pleosporales,Pleosporales,940_Pleospora_herbarum,OTU348,
EUSF01947,Ascomycota,Ascomycota,Pleosporales,Pleosporales,940_Pleospora_herbarum,OTU329,
EUSF01341,Ascomycota,Ascomycota,Eurotiales,Eurotiales,1079_Aspergillus_fumigatus,OTU333,
EUSF01192,Ascomycota,Ascomycota,Eurotiales,Eurotiales,1079_Aspergillus_fumigatus,OTU465,
EUSF01191,Ascomycota,Ascomycota,Eurotiales,Eurotiales,1079_Aspergillus_fumigatus,OTU583,
EUSF01190,Ascomycota,Ascomycota,Eurotiales,Eurotiales,1079_Aspergillus_fumigatus,OTU584,"OTU581,OTU580,OTU585,OTU590,OTU586,OTU583,OTU465,OTU463,OTU450,OTU466,OTU467,OTU468,OTU464,OTU693,OTU689,OTU690,OTU691,OTU694,OTU688,OTU667,OTU674,OTU672,OTU671,OTU673,OTU682,OTU681,OTU683,OTU605,OTU597,OTU386,OTU389,OTU615,OTU616,OTU655,OTU656,OTU943,OTU608,OTU498,OTU499,OTU527,OTU582,1080_Aspergillus_nidulans,1079_Aspergillus_fumigatus"
EUSF00723,Ascomycota,Ascomycota,Helotiales,Helotiales,49_Lachnum_virgineum,OTU993,
EUSF01224,Ascomycota,Ascomycota,Helotiales,Helotiales,59_Botrytis_cinerea,OTU725,
EUSF01148,Ascomycota,Ascomycota,Eurotiales,Eurotiales,1079_Aspergillus_fumigatus,OTU469,
EUSF01220,Ascomycota,Ascomycota,Eurotiales,Eurotiales,1079_Aspergillus_fumigatus,OTU355,
EUSF00725,Ascomycota,Ascomycota,Diaporthales,Diaporthales,935_Diaporthe_eres,OTU191,
EUSF01140,Ascomycota,Ascomycota,Helotiales,Helotiales,59_Botrytis_cinerea,OTU808,
EUSF00752,Ascomycota,Ascomycota,Xylariales,Xylariales,63_Xylaria_acuta,OTU562,
EUSF00724,Ascomycota,Ascomycota,Xylariales,Xylariales,51_Xylaria_hypoxylon,OTU506,
EUSF00707,Ascomycota,Ascomycota,Helotiales,Helotiales,59_Botrytis_cinerea,OTU699,
EUSF00863,Ascomycota,Ascomycota,Helotiales,Helotiales,49_Lachnum_virgineum,OTU887,
EUSF01939,Ascomycota,Ascomycota,Eurotiales,Eurotiales,1079_Aspergillus_fumigatus,OTU650,
EUSF01938,Ascomycota,Ascomycota,Lecanorales,Lecanorales,84_Physcia_aipolia,OTU703,
EUSF01931,Ascomycota,Ascomycota,Sordariomycetes incertae sedis,Sordariomycetes incertae sedis,1081_Magnaporthe_grisea,OTU705,
EUSF01933,Ascomycota,Ascomycota,Lecanorales,Lecanorales,84_Physcia_aipolia,OTU974,
EUSF01932,Ascomycota,Ascomycota,Lecanorales,Lecanorales,84_Physcia_aipolia,OTU704,
EUSF01935,Ascomycota,Ascomycota,Lecanorales,Lecanorales,84_Physcia_aipolia,OTU636,
EUSF01937,Ascomycota,Ascomycota,Eurotiales,Eurotiales,1079_Aspergillus_fumigatus,OTU688,
EUSF01936,Ascomycota,Ascomycota,Eurotiales,Eurotiales,1079_Aspergillus_fumigatus,OTU681,
EUSF01338,Ascomycota,Ascomycota,Xylariales,Xylariales,"63_Xylaria_acuta,51_Xylaria_hypoxylon",OTU653,
EUSF00619,Ascomycota,Ascomycota,Xylariales,Xylariales,51_Xylaria_hypoxylon,OTU276,
EUSF00618,Ascomycota,Ascomycota,Xylariales,Xylariales,51_Xylaria_hypoxylon,OTU199,
EUSF00836,Ascomycota,Ascomycota,Pleosporales,Pleosporales,940_Pleospora_herbarum,OTU379,
EUSF00835,Ascomycota,Ascomycota,Helotiales,Helotiales,49_Lachnum_virgineum,OTU894,
EUSF00834,Ascomycota,Ascomycota,Pleosporales,Pleosporales,940_Pleospora_herbarum,OTU480,
EUSF00833,Ascomycota,Ascomycota,Xylariales,Xylariales,"63_Xylaria_acuta,51_Xylaria_hypoxylon",OTU365,
EUSF00832,Ascomycota,Ascomycota,Helotiales,Helotiales,49_Lachnum_virgineum,OTU895,
EUSF00831,Ascomycota,Ascomycota,Helotiales,Helotiales,49_Lachnum_virgineum,OTU896,
EUSF00830,Ascomycota,Ascomycota,Pleosporales,Pleosporales,940_Pleospora_herbarum,OTU567,
EUSF00839,Ascomycota,Ascomycota,Pleosporales,Pleosporales,940_Pleospora_herbarum,OTU157,
EUSF00838,Ascomycota,Ascomycota,Helotiales,Helotiales,49_Lachnum_virgineum,OTU893,
EUSF00684,Ascomycota,Ascomycota,Diaporthales,Diaporthales,935_Diaporthe_eres,OTU136,
EUSF00686,Ascomycota,Ascomycota,Pezizales,Pezizales,"71_Peziza_proteana_f_sparassoides,507_Peziza_vesiculosa",OTU76,
EUSF00687,Ascomycota,Ascomycota,Xylariales,Xylariales,51_Xylaria_hypoxylon,OTU212,
EUSF00680,Ascomycota,Ascomycota,Xylariales,Xylariales,51_Xylaria_hypoxylon,OTU193,
EUSF00681,Ascomycota,Ascomycota,Diaporthales,Diaporthales,935_Diaporthe_eres,OTU192,
EUSF00682,Ascomycota,Ascomycota,Sordariales,Sordariales,"1078_Neurospora_crassa,216_Sordaria_fimicola,217_Chaetomium_globosum,1085_Podospora_anserina",OTU700,1082_Fusarium_graminearum
EUSF00683,Ascomycota,Ascomycota,Xylariales,Xylariales,"63_Xylaria_acuta,51_Xylaria_hypoxylon",OTU161,
EUSF00565,Ascomycota,Ascomycota,Acarosporales,Acarosporales,1007_Acarospora_laqueata,OTU537,
EUSF00564,Ascomycota,Ascomycota,Acarosporales,Acarosporales,1007_Acarospora_laqueata,OTU538,
EUSF00567,Ascomycota,Ascomycota,Acarosporales,Acarosporales,1007_Acarospora_laqueata,OTU509,
EUSF00566,Ascomycota,Ascomycota,Pleosporales,Pleosporales,940_Pleospora_herbarum,OTU510,
EUSF00688,Ascomycota,Ascomycota,Diaporthales,Diaporthales,935_Diaporthe_eres,OTU135,
EUSF00689,Ascomycota,Ascomycota,Diaporthales,Diaporthales,935_Diaporthe_eres,OTU211,
EUSF00563,Ascomycota,Ascomycota,Helotiales,Helotiales,49_Lachnum_virgineum,OTU955,
EUSF00562,Ascomycota,Ascomycota,Pezizales,Pezizales,62_Scutellinia_scutellata,OTU100,"OTU120,OTU116,OTU203"
EUSF01168,Ascomycota,Ascomycota,Eurotiales,Eurotiales,1079_Aspergillus_fumigatus,OTU655,
EUSF01169,Ascomycota,Ascomycota,Eurotiales,Eurotiales,1079_Aspergillus_fumigatus,OTU616,
EUSF01166,Ascomycota,Ascomycota,Eurotiales,Eurotiales,1079_Aspergillus_fumigatus,OTU943,
EUSF01218,Ascomycota,Ascomycota,Lecanorales,Lecanorales,3_Cladonia_caroliniana,OTU994,
EUSF01164,Ascomycota,Ascomycota,Eurotiales,Eurotiales,1079_Aspergillus_fumigatus,OTU656,
EUSF01679,Ascomycota,Ascomycota,Pleosporales,Pleosporales,940_Pleospora_herbarum,OTU652,
EUSF01163,Ascomycota,Ascomycota,Helotiales,Helotiales,59_Botrytis_cinerea,OTU856,
EUSF01160,Ascomycota,Ascomycota,Xylariales,Xylariales,"63_Xylaria_acuta,51_Xylaria_hypoxylon",OTU393,
EUSF01219,Ascomycota,Ascomycota,Xylariales,Xylariales,51_Xylaria_hypoxylon,OTU255,
EUSF01247,Ascomycota,Ascomycota,Pleosporales,Pleosporales,940_Pleospora_herbarum,OTU494,
EUSF00704,Ascomycota,Ascomycota,Acarosporales,Acarosporales,1007_Acarospora_laqueata,OTU406,
EUSF00668,Ascomycota,Ascomycota,Xylariales,Xylariales,51_Xylaria_hypoxylon,OTU195,
EUSF00706,Ascomycota,Ascomycota,Xylariales,Xylariales,"63_Xylaria_acuta,51_Xylaria_hypoxylon",OTU159,
EUSF00701,Ascomycota,Ascomycota,Helotiales,Helotiales,49_Lachnum_virgineum,OTU911,
EUSF00700,Ascomycota,Ascomycota,Diaporthales,Diaporthales,935_Diaporthe_eres,OTU132,
EUSF00703,Ascomycota,Ascomycota,Capnodiales,Capnodiales,939_Capnodium_coffeae,OTU666,OTU707
EUSF01240,Ascomycota,Ascomycota,Sordariomycetes incertae sedis,Sordariomycetes incertae sedis,1081_Magnaporthe_grisea,OTU654,
EUSF00662,Ascomycota,Ascomycota,Xylariales,Xylariales,51_Xylaria_hypoxylon,OTU196,
EUSF00663,Ascomycota,Ascomycota,Xylariales,Xylariales,"63_Xylaria_acuta,51_Xylaria_hypoxylon",OTU10,
EUSF00660,Ascomycota,Ascomycota,Sordariomycetes incertae sedis,Sordariomycetes incertae sedis,1081_Magnaporthe_grisea,OTU535,
EUSF00661,Ascomycota,Ascomycota,Pezizales,Pezizales,"71_Peziza_proteana_f_sparassoides,507_Peziza_vesiculosa",OTU63,
EUSF00666,Ascomycota,Ascomycota,Xylariales,Xylariales,"63_Xylaria_acuta,51_Xylaria_hypoxylon",OTU711,
EUSF00667,Ascomycota,Ascomycota,Xylariales,Xylariales,"63_Xylaria_acuta,51_Xylaria_hypoxylon",OTU32,
EUSF01249,Ascomycota,Ascomycota,Pleosporales,Pleosporales,940_Pleospora_herbarum,OTU438,
EUSF00665,Ascomycota,Ascomycota,Xylariales,Xylariales,"63_Xylaria_acuta,51_Xylaria_hypoxylon",OTU25,
EUSF00909,Ascomycota,Ascomycota,Xylariales,Xylariales,51_Xylaria_hypoxylon,OTU183,
EUSF00908,Ascomycota,Ascomycota,Pezizales,Pezizales,148_Cheilymenia_stercorea,OTU122,
EUSF00903,Ascomycota,Ascomycota,Sordariomycetes incertae sedis,Sordariomycetes incertae sedis,1081_Magnaporthe_grisea,OTU532,
EUSF00902,Ascomycota,Ascomycota,Xylariales,Xylariales,"63_Xylaria_acuta,51_Xylaria_hypoxylon",OTU155,
EUSF00901,Ascomycota,Ascomycota,Xylariales,Xylariales,"63_Xylaria_acuta,51_Xylaria_hypoxylon",OTU156,
EUSF00900,Ascomycota,Ascomycota,Xylariales,Xylariales,"63_Xylaria_acuta,51_Xylaria_hypoxylon",OTU364,
EUSF00907,Ascomycota,Ascomycota,Xylariales,Xylariales,"63_Xylaria_acuta,51_Xylaria_hypoxylon",OTU245,
EUSF00906,Ascomycota,Ascomycota,Xylariales,Xylariales,"63_Xylaria_acuta,51_Xylaria_hypoxylon",OTU153,
EUSF00905,Ascomycota,Ascomycota,Xylariales,Xylariales,"63_Xylaria_acuta,51_Xylaria_hypoxylon",OTU154,
EUSF00904,Ascomycota,Ascomycota,Xylariales,Xylariales,63_Xylaria_acuta,OTU226,
EUSF01875,Ascomycota,Ascomycota,Eurotiales,Eurotiales,1079_Aspergillus_fumigatus,OTU683,
EUSF01382,Ascomycota,Ascomycota,Pleosporales,Pleosporales,940_Pleospora_herbarum,OTU552,
EUSF01383,Ascomycota,Ascomycota,Helotiales,Helotiales,59_Botrytis_cinerea,OTU724,
EUSF01380,Ascomycota,Ascomycota,Sordariomycetes incertae sedis,Sordariomycetes incertae sedis,1081_Magnaporthe_grisea,OTU638,
EUSF01387,Ascomycota,Ascomycota,Xylariales,Xylariales,51_Xylaria_hypoxylon,OTU117,
EUSF01421,Ascomycota,Ascomycota,Helotiales,Helotiales,59_Botrytis_cinerea,OTU827,
EUSF01420,Ascomycota,Ascomycota,Pleosporales,Pleosporales,1037_Westerdykella_cylindrica,OTU742,
EUSF00581,Ascomycota,Ascomycota,Acarosporales,Acarosporales,1007_Acarospora_laqueata,OTU648,
EUSF01425,Ascomycota,Ascomycota,Pleosporales,Pleosporales,940_Pleospora_herbarum,OTU874,
EUSF01012,Ascomycota,Ascomycota,Sordariomycetes incertae sedis,Sordariomycetes incertae sedis,1081_Magnaporthe_grisea,OTU559,
EUSF01541,Ascomycota,Ascomycota,Eurotiales,Eurotiales,1079_Aspergillus_fumigatus,OTU512,
EUSF01010,Ascomycota,Ascomycota,Xylariales,Xylariales,"63_Xylaria_acuta,51_Xylaria_hypoxylon",OTU45,
EUSF01011,Ascomycota,Ascomycota,Xylariales,Xylariales,"63_Xylaria_acuta,51_Xylaria_hypoxylon",OTU242,
EUSF01544,Ascomycota,Ascomycota,Pezizales,Pezizales,"71_Peziza_proteana_f_sparassoides,507_Peziza_vesiculosa",OTU87,
EUSF01017,Ascomycota,Ascomycota,Xylariales,Xylariales,"63_Xylaria_acuta,51_Xylaria_hypoxylon",OTU241,
EUSF01546,Ascomycota,Ascomycota,Xylariales,Xylariales,"63_Xylaria_acuta,51_Xylaria_hypoxylon",OTU17,
EUSF01015,Ascomycota,Ascomycota,Xylariales,Xylariales,51_Xylaria_hypoxylon,OTU265,
EUSF01548,Ascomycota,Ascomycota,Xylariales,Xylariales,51_Xylaria_hypoxylon,OTU314,
EUSF01549,Ascomycota,Ascomycota,Sordariomycetes incertae sedis,Sordariomycetes incertae sedis,1081_Magnaporthe_grisea,OTU624,
EUSF01018,Ascomycota,Ascomycota,Xylariales,Xylariales,51_Xylaria_hypoxylon,OTU264,
EUSF01019,Ascomycota,Ascomycota,Xylariales,Xylariales,"63_Xylaria_acuta,51_Xylaria_hypoxylon",OTU964,
EUSF01615,Ascomycota,Ascomycota,Helotiales,Helotiales,59_Botrytis_cinerea,OTU924,
EUSF01167,Ascomycota,Ascomycota,Helotiales,Helotiales,49_Lachnum_virgineum,OTU942,
EUSF01706,Ascomycota,Ascomycota,Helotiales,Helotiales,49_Lachnum_virgineum,OTU871,
EUSF01339,Ascomycota,Ascomycota,Helotiales,Helotiales,59_Botrytis_cinerea,OTU829,
EUSF00797,Ascomycota,Ascomycota,Pleosporales,Pleosporales,940_Pleospora_herbarum,OTU644,
EUSF01337,Ascomycota,Ascomycota,Helotiales,Helotiales,59_Botrytis_cinerea,OTU934,
EUSF01336,Ascomycota,Ascomycota,Eurotiales,Eurotiales,1079_Aspergillus_fumigatus,OTU334,
EUSF01335,Ascomycota,Ascomycota,Pezizales,Pezizales,"71_Peziza_proteana_f_sparassoides,507_Peziza_vesiculosa",OTU75,
EUSF00890,Ascomycota,Ascomycota,Helotiales,Helotiales,59_Botrytis_cinerea,OTU715,
EUSF01332,Ascomycota,Ascomycota,Acarosporales,Acarosporales,1007_Acarospora_laqueata,OTU553,
EUSF01330,Ascomycota,Ascomycota,Eurotiales,Eurotiales,1079_Aspergillus_fumigatus,OTU492,
EUSF01416,Ascomycota,Ascomycota,Xylariales,Xylariales,"63_Xylaria_acuta,51_Xylaria_hypoxylon",OTU216,
EUSF00795,Ascomycota,Ascomycota,Helotiales,Helotiales,49_Lachnum_virgineum,OTU983,
EUSF01878,Ascomycota,Ascomycota,Pleosporales,Pleosporales,940_Pleospora_herbarum,OTU249,
EUSF01879,Ascomycota,Ascomycota,Pleosporales,Pleosporales,940_Pleospora_herbarum,OTU350,
EUSF00829,Ascomycota,Ascomycota,Xylariales,Xylariales,51_Xylaria_hypoxylon,OTU186,
EUSF00792,Ascomycota,Ascomycota,Dothideales,"Dothideales,Capnodiales","274_Dothidea_sambuci,921_Dothidea_insculpta,939_Capnodium_coffeae",OTU39,
EUSF01876,Ascomycota,Ascomycota,Lecanorales,Lecanorales,84_Physcia_aipolia,OTU65,
EUSF01877,Ascomycota,Ascomycota,Capnodiales,Capnodiales,939_Capnodium_coffeae,OTU984,OTU1002
EUSF01870,Ascomycota,Ascomycota,Pleosporales,Pleosporales,940_Pleospora_herbarum,OTU250,
EUSF01871,Ascomycota,Ascomycota,Pleosporales,Pleosporales,940_Pleospora_herbarum,OTU139,
EUSF01872,Ascomycota,Ascomycota,Pleosporales,Pleosporales,940_Pleospora_herbarum,OTU283,
EUSF01703,Ascomycota,Ascomycota,Xylariales,Xylariales,51_Xylaria_hypoxylon,OTU143,
EUSF01944,Ascomycota,Ascomycota,Lecanorales,Lecanorales,84_Physcia_aipolia,OTU850,
EUSF01970,Ascomycota,Ascomycota,Pleosporales,Pleosporales,940_Pleospora_herbarum,OTU327,
EUSF01972,Ascomycota,Ascomycota,Lecanorales,Lecanorales,84_Physcia_aipolia,OTU999,
EUSF01231,Ascomycota,Ascomycota,Acarosporales,Acarosporales,1007_Acarospora_laqueata,OTU626,
EUSF01701,Ascomycota,Ascomycota,Xylariales,Xylariales,51_Xylaria_hypoxylon,OTU205,
EUSF01195,Ascomycota,Ascomycota,Eurotiales,Eurotiales,1079_Aspergillus_fumigatus,OTU464,
